func_src,label,cve_id,cwe,repo,commit,language
"
  public ExitCode runWithoutHelp(CommandRunnerParams params)
      throws IOException, InterruptedException {

    if (saveFilename != null && loadFilename != null) {
      params.getConsole().printErrorText(""Can't use both --load and --save"");
      return ExitCode.COMMANDLINE_ERROR;
    }

    if (saveFilename != null) {
      invalidateChanges(params);
      RemoteDaemonicParserState state = params.getParser().storeParserState(params.getCell());
      try (FileOutputStream fos = new FileOutputStream(saveFilename);
          ZipOutputStream zipos = new ZipOutputStream(fos)) {
        zipos.putNextEntry(new ZipEntry(""parser_data""));
        try (ObjectOutputStream oos = new ObjectOutputStream(zipos)) {
          oos.writeObject(state);
        }
      }
    } else if (loadFilename != null) {
      try (FileInputStream fis = new FileInputStream(loadFilename);
          ZipInputStream zipis = new ZipInputStream(fis)) {
        ZipEntry entry = zipis.getNextEntry();
        Preconditions.checkState(entry.getName().equals(""parser_data""));
        try (ObjectInputStream ois = new ObjectInputStream(zipis)) {
          RemoteDaemonicParserState state;
          try {
            state = (RemoteDaemonicParserState) ois.readObject();
          } catch (ClassNotFoundException e) {
            params.getConsole().printErrorText(""Invalid file format"");
            return ExitCode.COMMANDLINE_ERROR;
          }
          params.getParser().restoreParserState(state, params.getCell());
        }
      }
      invalidateChanges(params);

      ParserConfig configView = params.getBuckConfig().getView(ParserConfig.class);
      if (configView.isParserCacheMutationWarningEnabled()) {
        params",1,CVE-2018-6331,CWE-502,facebook/buck,8c5500981812564877bd122c0f8fab48d3528ddf,java
" else if (loadFilename != null) {
      try (FileInputStream fis = new FileInputStream(loadFilename);
          ZipInputStream zipis = new ZipInputStream(fis)) {
        ZipEntry entry = zipis.getNextEntry();
        Preconditions.checkState(entry.getName().equals(""parser_data""));
        try (ObjectInputStream ois = new ObjectInputStream(zipis)) {
          RemoteDaemonicParserState state;
          try {
            state = (RemoteDaemonicParserState) ois.readObject();
          } catch (ClassNotFoundException e) {
            params.getConsole().printErrorText(""Invalid file format"");
            return ExitCode.COMMANDLINE_ERROR;
          }
          params.getParser().restoreParserState(state, params.getCell());
        }
      }
      invalidateChanges(params);

      ParserConfig configView = params.getBuckConfig().getView(ParserConfig.class);
      if (configView.isParserCacheMutationWarningEnabled()) {
        params
            .getConsole()
            .printErrorText(
                params
                    .getConsole()
                    .getAnsi()
                    .asWarningText(
                        ""WARNING: Buck injected a parser state that may not match the local state.""));
      }
    }

    return ExitCode.SUCCESS;
  }

  private void invalidateChanges(CommandRunnerParams params) throws IOException {
    if (changesPath == null) {
      return;
    }
    try (FileInputStream is = new FileInputStream(changesPath)) {
      JsonNode responseNode = ObjectMappers.READER.readTree(is);",1,CVE-2018-6331,CWE-502,facebook/buck,8c5500981812564877bd122c0f8fab48d3528ddf,java
"

  private void invalidateChanges(CommandRunnerParams params) throws IOException {
    if (changesPath == null) {
      return;
    }
    try (FileInputStream is = new FileInputStream(changesPath)) {
      JsonNode responseNode = ObjectMappers.READER.readTree(is);
      Iterator<JsonNode> iterator = responseNode.elements();
      while (iterator.hasNext()) {
        JsonNode item = iterator.next();
        String path = item.get(""path"").asText();
        String status = item.get(""status"").asText();

        boolean isAdded = false;
        boolean isRemoved = false;
        if (status.equals(""A"") || status.equals(""?"")) {
          isAdded = true;
        } else if (status.equals(""R"") || status.equals(""!"")) {
          isRemoved = true;
        }
        Path fullPath = params.getCell().getRoot().resolve(path).normalize();
        params.getParser().invalidateBasedOnPath(fullPath, isAdded || isRemoved);
      }
    }
  }

  @Override
  public String getShortDescription() {
    return ""Load and save state of the parser cache"";
  }

  @Override
  public boolean isReadOnly() {
    return false;
  }
}",1,CVE-2018-6331,CWE-502,facebook/buck,8c5500981812564877bd122c0f8fab48d3528ddf,java
"
  public void testSaveAndLoad() throws IOException {
    assumeTrue(AppleNativeIntegrationTestUtils.isApplePlatformAvailable(ApplePlatform.MACOSX));

    ProjectWorkspace workspace =
        TestDataHelper.createProjectWorkspaceForScenario(this, ""parser_with_cell"", tmp);
    workspace.setUp();

    // Warm the parser cache.
    TestContext context = new TestContext();
    ProcessResult runBuckResult =
        workspace.runBuckdCommand(context, ""query"", ""deps(//Apps:TestAppsLibrary)"");
    runBuckResult.assertSuccess();
    assertThat(
        runBuckResult.getStdout(),
        Matchers.containsString(
            ""//Apps:TestAppsLibrary\n""
                + ""//Libraries/Dep1:Dep1_1\n""
                + ""//Libraries/Dep1:Dep1_2\n""
                + ""bar//Dep2:Dep2""));

    // Save the parser cache to a file.
    NamedTemporaryFile tempFile = new NamedTemporaryFile(""parser_data"", null);
    runBuckResult =
        workspace.runBuckdCommand(context, ""parser-cache"", ""--save"", tempFile.get().toString());
    runBuckResult.assertSuccess();

    // Write an empty content to Apps/BUCK.
    Path path = tmp.getRoot().resolve(""Apps/BUCK"");
    byte[] data = {};
    Files.write(path, data);

    context = new TestContext();
    // Load the parser cache to a new buckd context.
    runBuckResult =
        workspace.runBuckdCommand(context, ""parser-cache"", ""--load"", tempFile.get().toString());
    runBuckResult.assertSuccess();

    // Perform the query again. If we didn't load the parser cache, this call would fail because
    // Apps/BUCK is empty.",1,CVE-2018-6331,CWE-502,facebook/buck,8c5500981812564877bd122c0f8fab48d3528ddf,java
"
  public void testInvalidate() throws IOException {
    ProjectWorkspace workspace =
        TestDataHelper.createProjectWorkspaceForScenario(this, ""parser_with_cell"", tmp);
    workspace.setUp();

    // Warm the parser cache.
    TestContext context = new TestContext();
    ProcessResult runBuckResult =
        workspace.runBuckdCommand(context, ""query"", ""deps(//Apps:TestAppsLibrary)"");
    runBuckResult.assertSuccess();
    assertThat(
        runBuckResult.getStdout(),
        Matchers.containsString(
            ""//Apps:TestAppsLibrary\n""
                + ""//Libraries/Dep1:Dep1_1\n""
                + ""//Libraries/Dep1:Dep1_2\n""
                + ""bar//Dep2:Dep2""));

    // Save the parser cache to a file.
    NamedTemporaryFile tempFile = new NamedTemporaryFile(""parser_data"", null);
    runBuckResult =
        workspace.runBuckdCommand(context, ""parser-cache"", ""--save"", tempFile.get().toString());
    runBuckResult.assertSuccess();

    // Write an empty content to Apps/BUCK.
    Path path = tmp.getRoot().resolve(""Apps/BUCK"");
    byte[] data = {};
    Files.write(path, data);

    // Write an empty content to Apps/BUCK.
    Path invalidationJsonPath = tmp.getRoot().resolve(""invalidation-data.json"");
    String jsonData = ""[{\""path\"":\""Apps/BUCK\"",\""status\"":\""M\""}]"";
    Files.write(invalidationJsonPath, jsonData.getBytes(StandardCharsets.UTF_8));

    context = new TestContext();
    // Load the parser cache to a new buckd context.
    runBuckResult =
        workspace.runBuckdCommand(
            context,",1,CVE-2018-6331,CWE-502,facebook/buck,8c5500981812564877bd122c0f8fab48d3528ddf,java
"

    public BeanDeserializerFactory(DeserializerFactoryConfig config) {
        super(config);
    }
    
    /**
     * Method used by module registration functionality, to construct a new bean
     * deserializer factory
     * with different configuration settings.
     */
    @Override
    public DeserializerFactory withConfig(DeserializerFactoryConfig config)
    {
        if (_factoryConfig == config) {
            return this;
        }
        /* 22-Nov-2010, tatu: Handling of subtypes is tricky if we do immutable-with-copy-ctor;
         *    and we pretty much have to here either choose between losing subtype instance
         *    when registering additional deserializers, or losing deserializers.
         *    Instead, let's actually just throw an error if this method is called when subtype
         *    has not properly overridden this method; this to indicate problem as soon as possible.
         */
        if (getClass() != BeanDeserializerFactory.class) {
            throw new IllegalStateException(""Subtype of BeanDeserializerFactory (""+getClass().getName()
                    +"") has not properly overridden method 'withAdditionalDeserializers': can not instantiate subtype with ""
                    +""additional deserializer definitions"");
        }
        return new BeanDeserializerFactory(config);
    }
    
    /*
    /**********************************************************
    /* DeserializerFactory API implementation
    /**********************************************************
     */

    /**
     * Method that {@link DeserializerCache}s call to create a new
     * deserializer for types other than Collections, Maps, arrays and",1,CVE-2018-14718,CWE-502,FasterXML/jackson-databind,87d29af25e82a249ea15858e2d4ecbf64091db44,java
"
    public DeserializerFactory withConfig(DeserializerFactoryConfig config)
    {
        if (_factoryConfig == config) {
            return this;
        }
        /* 22-Nov-2010, tatu: Handling of subtypes is tricky if we do immutable-with-copy-ctor;
         *    and we pretty much have to here either choose between losing subtype instance
         *    when registering additional deserializers, or losing deserializers.
         *    Instead, let's actually just throw an error if this method is called when subtype
         *    has not properly overridden this method; this to indicate problem as soon as possible.
         */
        if (getClass() != BeanDeserializerFactory.class) {
            throw new IllegalStateException(""Subtype of BeanDeserializerFactory (""+getClass().getName()
                    +"") has not properly overridden method 'withAdditionalDeserializers': can not instantiate subtype with ""
                    +""additional deserializer definitions"");
        }
        return new BeanDeserializerFactory(config);
    }
    
    /*
    /**********************************************************
    /* DeserializerFactory API implementation
    /**********************************************************
     */

    /**
     * Method that {@link DeserializerCache}s call to create a new
     * deserializer for types other than Collections, Maps, arrays and
     * enums.
     */
    @Override
    public JsonDeserializer<Object> createBeanDeserializer(DeserializationContext ctxt,
            JavaType type, BeanDescription beanDesc)
        throws JsonMappingException
    {
        final DeserializationConfig config = ctxt.getConfig();
        // We may also have custom overrides:
        JsonDeserializer<Object> custom = _findCustomBeanDeserializer(type, config, beanDesc);
        if (custom != null) {",1,CVE-2018-14718,CWE-502,FasterXML/jackson-databind,87d29af25e82a249ea15858e2d4ecbf64091db44,java
"
    public JsonDeserializer<Object> createBeanDeserializer(DeserializationContext ctxt,
            JavaType type, BeanDescription beanDesc)
        throws JsonMappingException
    {
        final DeserializationConfig config = ctxt.getConfig();
        // We may also have custom overrides:
        JsonDeserializer<Object> custom = _findCustomBeanDeserializer(type, config, beanDesc);
        if (custom != null) {
            return custom;
        }
        /* One more thing to check: do we have an exception type
         * (Throwable or its sub-classes)? If so, need slightly
         * different handling.
         */
        if (type.isThrowable()) {
            return buildThrowableDeserializer(ctxt, type, beanDesc);
        }
        /* Or, for abstract types, may have alternate means for resolution
         * (defaulting, materialization)
         */
        if (type.isAbstract()) {
            // [JACKSON-41] (v1.6): Let's make it possible to materialize abstract types.
            JavaType concreteType = materializeAbstractType(ctxt, type, beanDesc);
            if (concreteType != null) {
                /* important: introspect actual implementation (abstract class or
                 * interface doesn't have constructors, for one)
                 */
                beanDesc = config.introspect(concreteType);
                return buildBeanDeserializer(ctxt, concreteType, beanDesc);
            }
        }

        // Otherwise, may want to check handlers for standard types, from superclass:
        @SuppressWarnings(""unchecked"")
        JsonDeserializer<Object> deser = (JsonDeserializer<Object>) findStdDeserializer(ctxt, type, beanDesc);
        if (deser != null) {
            return deser;
        }
",1,CVE-2018-14718,CWE-502,FasterXML/jackson-databind,87d29af25e82a249ea15858e2d4ecbf64091db44,java
"

	public WebXml getWebXml(FacesContext context) {
		WebXml webXml = WebXml.getInstance(context);
		if (null == webXml) {
			throw new FacesException(
					""Resources framework is not initialised, check web.xml for Filter configuration"");
		}
		return webXml;
	}

	public ResourceBuilderImpl() {
		super();
		_startTime = System.currentTimeMillis();
		codec = new Codec();
		renderers = new HashMap<String, ResourceRenderer>();
		// append known renderers for extentions.
		renderers.put("".gif"", new GifRenderer());
		ResourceRenderer renderer = new JpegRenderer();
		renderers.put("".jpeg"", renderer);
		renderers.put("".jpg"", renderer);
		renderers.put("".png"", new PngRenderer());
		renderers.put("".js"", getScriptRenderer());
		renderers.put("".css"", getStyleRenderer());
		renderers.put("".log"", new LogfileRenderer());
		renderers.put("".html"", new HTMLRenderer());
		renderers.put("".xhtml"", new MimeRenderer(""application/xhtml+xml""));
		renderers.put("".xml"", new MimeRenderer(""text/xml""));
		renderers.put("".xcss"", new TemplateCSSRenderer());
		renderers.put("".swf"", new MimeRenderer(""application/x-shockwave-flash""));
	}

	/**
	 * @throws FacesException
	 */
	protected void registerResources() throws FacesException {
		try {
			ClassLoader loader = Thread.currentThread().getContextClassLoader();
			Enumeration<URL> e = loader
					.getResources(""META-INF/resources-config.xml"");",1,CVE-2013-4521,CWE-502,nuxeo/richfaces,6cbad2a6dcb70d3e33a6ce5879b1a3ad79eb1aec,java
"

	public ResourceBuilderImpl() {
		super();
		_startTime = System.currentTimeMillis();
		codec = new Codec();
		renderers = new HashMap<String, ResourceRenderer>();
		// append known renderers for extentions.
		renderers.put("".gif"", new GifRenderer());
		ResourceRenderer renderer = new JpegRenderer();
		renderers.put("".jpeg"", renderer);
		renderers.put("".jpg"", renderer);
		renderers.put("".png"", new PngRenderer());
		renderers.put("".js"", getScriptRenderer());
		renderers.put("".css"", getStyleRenderer());
		renderers.put("".log"", new LogfileRenderer());
		renderers.put("".html"", new HTMLRenderer());
		renderers.put("".xhtml"", new MimeRenderer(""application/xhtml+xml""));
		renderers.put("".xml"", new MimeRenderer(""text/xml""));
		renderers.put("".xcss"", new TemplateCSSRenderer());
		renderers.put("".swf"", new MimeRenderer(""application/x-shockwave-flash""));
	}

	/**
	 * @throws FacesException
	 */
	protected void registerResources() throws FacesException {
		try {
			ClassLoader loader = Thread.currentThread().getContextClassLoader();
			Enumeration<URL> e = loader
					.getResources(""META-INF/resources-config.xml"");
			while (e.hasMoreElements()) {
				URL resource = e.nextElement();
				registerConfig(resource);
			}
		} catch (IOException e) {
			throw new FacesException(e);
		}
	}
",1,CVE-2013-4521,CWE-502,nuxeo/richfaces,6cbad2a6dcb70d3e33a6ce5879b1a3ad79eb1aec,java
"
	protected void registerResources() throws FacesException {
		try {
			ClassLoader loader = Thread.currentThread().getContextClassLoader();
			Enumeration<URL> e = loader
					.getResources(""META-INF/resources-config.xml"");
			while (e.hasMoreElements()) {
				URL resource = e.nextElement();
				registerConfig(resource);
			}
		} catch (IOException e) {
			throw new FacesException(e);
		}
	}

	private void registerConfig(URL resourceConfig) {
		try {
			if (log.isDebugEnabled()) {
				log.debug(""Process resources configuration file ""
						+ resourceConfig.toExternalForm());
			}

			InputStream in = URLToStreamHelper.urlToStream(resourceConfig);
			try {
				Digester digester = new Digester();
				digester.setValidating(false);
				digester.setEntityResolver(new EntityResolver() {
					// Dummi resolver - alvays do nothing
					public InputSource resolveEntity(String publicId,
							String systemId) throws SAXException, IOException {
						return new InputSource(new StringReader(""""));
					}
				});
				digester.setNamespaceAware(false);
				digester.setUseContextClassLoader(true);
				digester.push(this);
				digester.addObjectCreate(""resource-config/resource"", ""class"",
						JarResource.class);
				digester.addObjectCreate(""resource-config/resource/renderer"",
						""class"", HTMLRenderer.class);",1,CVE-2013-4521,CWE-502,nuxeo/richfaces,6cbad2a6dcb70d3e33a6ce5879b1a3ad79eb1aec,java
"
	public UserResource(boolean cacheable, boolean session, String mime) {
		super();		
		setCacheable(cacheable);
		setSessionAware(session);
		setContentType(mime);
	}
	/**
	 * @return Returns the contentType.
	 */
	public String getContentType(ResourceContext resourceContext) {
		return contentType;
	}
	/**
	 * @param contentType The contentType to set.
	 */
	public void setContentType(String contentType) {
		this.contentType = contentType;
	}
	/* (non-Javadoc)
	 * @see org.ajax4jsf.resource.InternetResourceBase#getDataToStore(javax.faces.context.FacesContext, java.lang.Object)
	 */
	public Object getDataToStore(FacesContext context, Object data) {
		UriData dataToStore = null;
		if (data instanceof ResourceComponent2) {
			ResourceComponent2 resource = (ResourceComponent2) data;
			dataToStore = new UriData();
			dataToStore.value = resource.getValue();
			dataToStore.createContent = UIComponentBase.saveAttachedState(context,resource.getCreateContentExpression());
			if (data instanceof UIComponent) {
				UIComponent component = (UIComponent) data;
				ValueExpression expires = component.getValueExpression(""expires"");
				if (null != expires) {
					dataToStore.expires = UIComponentBase.saveAttachedState(context,expires);
				}
				ValueExpression lastModified = component.getValueExpression(""lastModified"");
				if (null != lastModified) {
					dataToStore.modified = UIComponentBase.saveAttachedState(context,lastModified);
				}
			}",1,CVE-2013-4521,CWE-502,nuxeo/richfaces,6cbad2a6dcb70d3e33a6ce5879b1a3ad79eb1aec,java
"
	public String getContentType(ResourceContext resourceContext) {
		return contentType;
	}
	/**
	 * @param contentType The contentType to set.
	 */
	public void setContentType(String contentType) {
		this.contentType = contentType;
	}
	/* (non-Javadoc)
	 * @see org.ajax4jsf.resource.InternetResourceBase#getDataToStore(javax.faces.context.FacesContext, java.lang.Object)
	 */
	public Object getDataToStore(FacesContext context, Object data) {
		UriData dataToStore = null;
		if (data instanceof ResourceComponent2) {
			ResourceComponent2 resource = (ResourceComponent2) data;
			dataToStore = new UriData();
			dataToStore.value = resource.getValue();
			dataToStore.createContent = UIComponentBase.saveAttachedState(context,resource.getCreateContentExpression());
			if (data instanceof UIComponent) {
				UIComponent component = (UIComponent) data;
				ValueExpression expires = component.getValueExpression(""expires"");
				if (null != expires) {
					dataToStore.expires = UIComponentBase.saveAttachedState(context,expires);
				}
				ValueExpression lastModified = component.getValueExpression(""lastModified"");
				if (null != lastModified) {
					dataToStore.modified = UIComponentBase.saveAttachedState(context,lastModified);
				}
			}
		}
		return dataToStore;
	}
	/* (non-Javadoc)
	 * @see org.ajax4jsf.resource.InternetResourceBase#send(org.ajax4jsf.resource.ResourceContext)
	 */
	public void send(ResourceContext context) throws IOException {
		UriData data = (UriData) restoreData(context);
		FacesContext facesContext = FacesContext.getCurrentInstance();",1,CVE-2013-4521,CWE-502,nuxeo/richfaces,6cbad2a6dcb70d3e33a6ce5879b1a3ad79eb1aec,java
"
	public void setContentType(String contentType) {
		this.contentType = contentType;
	}
	/* (non-Javadoc)
	 * @see org.ajax4jsf.resource.InternetResourceBase#getDataToStore(javax.faces.context.FacesContext, java.lang.Object)
	 */
	public Object getDataToStore(FacesContext context, Object data) {
		UriData dataToStore = null;
		if (data instanceof ResourceComponent2) {
			ResourceComponent2 resource = (ResourceComponent2) data;
			dataToStore = new UriData();
			dataToStore.value = resource.getValue();
			dataToStore.createContent = UIComponentBase.saveAttachedState(context,resource.getCreateContentExpression());
			if (data instanceof UIComponent) {
				UIComponent component = (UIComponent) data;
				ValueExpression expires = component.getValueExpression(""expires"");
				if (null != expires) {
					dataToStore.expires = UIComponentBase.saveAttachedState(context,expires);
				}
				ValueExpression lastModified = component.getValueExpression(""lastModified"");
				if (null != lastModified) {
					dataToStore.modified = UIComponentBase.saveAttachedState(context,lastModified);
				}
			}
		}
		return dataToStore;
	}
	/* (non-Javadoc)
	 * @see org.ajax4jsf.resource.InternetResourceBase#send(org.ajax4jsf.resource.ResourceContext)
	 */
	public void send(ResourceContext context) throws IOException {
		UriData data = (UriData) restoreData(context);
		FacesContext facesContext = FacesContext.getCurrentInstance();
		if (null != data && null != facesContext ) {
			// Send headers
			ELContext elContext = facesContext.getELContext();
//			if(data.expires != null){
//				ValueExpression binding = (ValueExpression) UIComponentBase.restoreAttachedState(facesContext,data.expires);
//				Date expires = (Date) binding.getValue(elContext);",1,CVE-2013-4521,CWE-502,nuxeo/richfaces,6cbad2a6dcb70d3e33a6ce5879b1a3ad79eb1aec,java
"
	public MediaData() {
	}
	public Color getBackground() {
		return Background;
	}
	public void setBackground(Color background) {
		Background = background;
	}
	public Color getDrawColor() {
		return DrawColor;
	}
	public void setDrawColor(Color drawColor) {
		DrawColor = drawColor;
	}
	public Integer getHeight() {
		return Height;
	}
	public void setHeight(Integer height) {
		Height = height;
	}
	public Integer getWidth() {
		return Width;
	}
	public void setWidth(Integer width) {
		Width = width;
	}
}",1,CVE-2013-4521,CWE-502,nuxeo/richfaces,6cbad2a6dcb70d3e33a6ce5879b1a3ad79eb1aec,java
"
	public Color getBackground() {
		return Background;
	}
	public void setBackground(Color background) {
		Background = background;
	}
	public Color getDrawColor() {
		return DrawColor;
	}
	public void setDrawColor(Color drawColor) {
		DrawColor = drawColor;
	}
	public Integer getHeight() {
		return Height;
	}
	public void setHeight(Integer height) {
		Height = height;
	}
	public Integer getWidth() {
		return Width;
	}
	public void setWidth(Integer width) {
		Width = width;
	}
}",1,CVE-2013-4521,CWE-502,nuxeo/richfaces,6cbad2a6dcb70d3e33a6ce5879b1a3ad79eb1aec,java
"
	public void setBackground(Color background) {
		Background = background;
	}
	public Color getDrawColor() {
		return DrawColor;
	}
	public void setDrawColor(Color drawColor) {
		DrawColor = drawColor;
	}
	public Integer getHeight() {
		return Height;
	}
	public void setHeight(Integer height) {
		Height = height;
	}
	public Integer getWidth() {
		return Width;
	}
	public void setWidth(Integer width) {
		Width = width;
	}
}",1,CVE-2013-4521,CWE-502,nuxeo/richfaces,6cbad2a6dcb70d3e33a6ce5879b1a3ad79eb1aec,java
"


	public Integer getColor() {
		return color;
	}
	public void setColor(Integer color) {
		this.color = color;
	}
	public float getScale() {
		return scale;
	}
	public void setScale(float scale) {
		this.scale = scale;
	}

	public String getText() {
		return text;
	}
	public void setText(String text) {
		this.text = text;
	}
}",1,CVE-2013-4521,CWE-502,nuxeo/richfaces,6cbad2a6dcb70d3e33a6ce5879b1a3ad79eb1aec,java
"
	public void setColor(Integer color) {
		this.color = color;
	}
	public float getScale() {
		return scale;
	}
	public void setScale(float scale) {
		this.scale = scale;
	}

	public String getText() {
		return text;
	}
	public void setText(String text) {
		this.text = text;
	}
}",1,CVE-2013-4521,CWE-502,nuxeo/richfaces,6cbad2a6dcb70d3e33a6ce5879b1a3ad79eb1aec,java
"
	public float getScale() {
		return scale;
	}
	public void setScale(float scale) {
		this.scale = scale;
	}

	public String getText() {
		return text;
	}
	public void setText(String text) {
		this.text = text;
	}
}",1,CVE-2013-4521,CWE-502,nuxeo/richfaces,6cbad2a6dcb70d3e33a6ce5879b1a3ad79eb1aec,java
"
	public ResourceRenderer getRenderer() {
		return _renderers[0];
	}

	public ResourceRenderer getRenderer(ResourceContext context) {
		ImageData data = null;
		
		if (context != null) {
			data = (ImageData) restoreData(context);
		}
		
		ImageRenderer renderer = _renderers[null==data?0:data._format];
		return renderer;
	}
	/* (non-Javadoc)
	 * @see org.ajax4jsf.resource.InternetResourceBase#isCacheable()
	 */
	public boolean isCacheable() {
		return false;
	}
	
	public boolean isCacheable(ResourceContext resourceContext) {
		ImageData data = (ImageData) restoreData(resourceContext);
		return data.cacheable;
	}

	/* (non-Javadoc)
	 * @see org.ajax4jsf.resource.InternetResourceBase#requireFacesContext()
	 */
	public boolean requireFacesContext() {
		// work in context
		return true;
	}

	
	/* (non-Javadoc)
	 * @see org.ajax4jsf.resource.InternetResourceBase#getDataToStore(javax.faces.context.FacesContext, java.lang.Object)
	 */
	protected Object getDataToStore(FacesContext context, Object data) {",1,CVE-2013-4521,CWE-502,nuxeo/richfaces,6cbad2a6dcb70d3e33a6ce5879b1a3ad79eb1aec,java
"

	public ResourceRenderer getRenderer(ResourceContext context) {
		ImageData data = null;
		
		if (context != null) {
			data = (ImageData) restoreData(context);
		}
		
		ImageRenderer renderer = _renderers[null==data?0:data._format];
		return renderer;
	}
	/* (non-Javadoc)
	 * @see org.ajax4jsf.resource.InternetResourceBase#isCacheable()
	 */
	public boolean isCacheable() {
		return false;
	}
	
	public boolean isCacheable(ResourceContext resourceContext) {
		ImageData data = (ImageData) restoreData(resourceContext);
		return data.cacheable;
	}

	/* (non-Javadoc)
	 * @see org.ajax4jsf.resource.InternetResourceBase#requireFacesContext()
	 */
	public boolean requireFacesContext() {
		// work in context
		return true;
	}

	
	/* (non-Javadoc)
	 * @see org.ajax4jsf.resource.InternetResourceBase#getDataToStore(javax.faces.context.FacesContext, java.lang.Object)
	 */
	protected Object getDataToStore(FacesContext context, Object data) {
		if (data instanceof UIPaint2D) {
			UIPaint2D paint2D = (UIPaint2D) data;
			ImageData dataToStore = new ImageData();",1,CVE-2013-4521,CWE-502,nuxeo/richfaces,6cbad2a6dcb70d3e33a6ce5879b1a3ad79eb1aec,java
"
	public boolean isCacheable() {
		return false;
	}
	
	public boolean isCacheable(ResourceContext resourceContext) {
		ImageData data = (ImageData) restoreData(resourceContext);
		return data.cacheable;
	}

	/* (non-Javadoc)
	 * @see org.ajax4jsf.resource.InternetResourceBase#requireFacesContext()
	 */
	public boolean requireFacesContext() {
		// work in context
		return true;
	}

	
	/* (non-Javadoc)
	 * @see org.ajax4jsf.resource.InternetResourceBase#getDataToStore(javax.faces.context.FacesContext, java.lang.Object)
	 */
	protected Object getDataToStore(FacesContext context, Object data) {
		if (data instanceof UIPaint2D) {
			UIPaint2D paint2D = (UIPaint2D) data;
			ImageData dataToStore = new ImageData();
			dataToStore._width = paint2D.getWidth();
			dataToStore._height = paint2D.getHeight();
			dataToStore._data = paint2D.getData();
			
			dataToStore._paint = UIComponentBase.saveAttachedState(context, paint2D.getPaint());
			String format = paint2D.getFormat();
			if(""jpeg"".equalsIgnoreCase(format)) {
				dataToStore._format = 1;
			} else if(""png"".equalsIgnoreCase(format)) {
				dataToStore._format = 2;
			}
			
			String bgColor = paint2D.getBgcolor();
			try {",1,CVE-2013-4521,CWE-502,nuxeo/richfaces,6cbad2a6dcb70d3e33a6ce5879b1a3ad79eb1aec,java
"
	public static JsonParser create() {
		return new JsonParser();
	}

	/**
	 * Creates a lazy implementation of the JSON parser.
	 */
	public static JsonParser createLazyOne() {
		return new JsonParser().lazy(true);
	}

	private static final char[] T_RUE = new char[] {'r', 'u', 'e'};
	private static final char[] F_ALSE = new char[] {'a', 'l', 's', 'e'};
	private static final char[] N_ULL = new char[] {'u', 'l', 'l'};

	/**
	 * Map keys.
	 */
	public static final String KEYS = ""keys"";
	/**
	 * Array or map values.
	 */
	public static final String VALUES = ""values"";

	protected int ndx = 0;
	protected char[] input;
	protected int total;
	protected Path path;
	protected boolean useAltPaths = Defaults.useAltPathsByParser;
	protected boolean lazy = Defaults.lazy;
	protected boolean looseMode = Defaults.loose;
	protected Class rootType;
	protected MapToBean mapToBean;
	private boolean notFirstObject = false;

	private final JsonAnnotationManager jsonAnnotationManager;

	public JsonParser() {
		this.text = new char[512];",1,CVE-2018-21234,CWE-502,oblac/jodd,9bffc3913aeb8472c11bb543243004b4b4376f16,java
"
	public static JsonParser createLazyOne() {
		return new JsonParser().lazy(true);
	}

	private static final char[] T_RUE = new char[] {'r', 'u', 'e'};
	private static final char[] F_ALSE = new char[] {'a', 'l', 's', 'e'};
	private static final char[] N_ULL = new char[] {'u', 'l', 'l'};

	/**
	 * Map keys.
	 */
	public static final String KEYS = ""keys"";
	/**
	 * Array or map values.
	 */
	public static final String VALUES = ""values"";

	protected int ndx = 0;
	protected char[] input;
	protected int total;
	protected Path path;
	protected boolean useAltPaths = Defaults.useAltPathsByParser;
	protected boolean lazy = Defaults.lazy;
	protected boolean looseMode = Defaults.loose;
	protected Class rootType;
	protected MapToBean mapToBean;
	private boolean notFirstObject = false;

	private final JsonAnnotationManager jsonAnnotationManager;

	public JsonParser() {
		this.text = new char[512];
		this.jsonAnnotationManager = JsonAnnotationManager.get();
	}

	/**
	 * Resets JSON parser, so it can be reused.
	 */
	protected void reset() {",1,CVE-2018-21234,CWE-502,oblac/jodd,9bffc3913aeb8472c11bb543243004b4b4376f16,java
"

	public JsonParser() {
		this.text = new char[512];
		this.jsonAnnotationManager = JsonAnnotationManager.get();
	}

	/**
	 * Resets JSON parser, so it can be reused.
	 */
	protected void reset() {
		this.ndx = 0;
		this.textLen = 0;
		this.path = new Path();
		if (useAltPaths) {
			path.altPath = new Path();
		}

		if (classMetadataName != null) {
			mapToBean = createMapToBean(classMetadataName);
		}
	}

	/**
	 * Enables usage of additional paths.
	 */
	public JsonParser useAltPaths() {
		this.useAltPaths = true;
		return this;
	}

	/**
	 * Enables 'loose' mode for parsing. When 'loose' mode is enabled,
	 * JSON parsers swallows also invalid JSONs:
	 * <ul>
	 *     <li>invalid escape character sequence is simply added to the output</li>
	 *     <li>strings can be quoted with single-quotes</li>
	 *     <li>strings can be unquoted, but may not contain escapes</li>
	 * </ul>
	 */",1,CVE-2018-21234,CWE-502,oblac/jodd,9bffc3913aeb8472c11bb543243004b4b4376f16,java
"
	protected MapToBean createMapToBean(final String classMetadataName) {
		return new MapToBean(this, classMetadataName);
	}

	// ---------------------------------------------------------------- object tools

	/**
	 * Creates new type for JSON array objects.
	 * It returns a collection.
	 * Later, the collection will be converted into the target type.
	 */
	@SuppressWarnings(""unchecked"")
	protected Collection<Object> newArrayInstance(final Class targetType) {
		if (targetType == null ||
			targetType == List.class ||
			targetType == Collection.class ||
			targetType.isArray()) {

			return listSupplier.get();
		}

		if (targetType == Set.class) {
			return new HashSet<>();
		}

		try {
			return (Collection<Object>) targetType.getDeclaredConstructor().newInstance();
		} catch (Exception e) {
			throw new JsonException(e);
		}
	}

	/**
	 * Creates new object or a <code>HashMap</code> if type is not specified.
	 */
	protected Object newObjectInstance(final Class targetType) {
		if (targetType == null ||
			targetType == Map.class) {
",1,CVE-2018-21234,CWE-502,oblac/jodd,9bffc3913aeb8472c11bb543243004b4b4376f16,java
"
	protected Collection<Object> newArrayInstance(final Class targetType) {
		if (targetType == null ||
			targetType == List.class ||
			targetType == Collection.class ||
			targetType.isArray()) {

			return listSupplier.get();
		}

		if (targetType == Set.class) {
			return new HashSet<>();
		}

		try {
			return (Collection<Object>) targetType.getDeclaredConstructor().newInstance();
		} catch (Exception e) {
			throw new JsonException(e);
		}
	}

	/**
	 * Creates new object or a <code>HashMap</code> if type is not specified.
	 */
	protected Object newObjectInstance(final Class targetType) {
		if (targetType == null ||
			targetType == Map.class) {

			return mapSupplier.get();
		}

		ClassDescriptor cd = ClassIntrospector.get().lookup(targetType);

		CtorDescriptor ctorDescriptor = cd.getDefaultCtorDescriptor(true);
		if (ctorDescriptor == null) {
			throw new JsonException(""Default ctor not found for: "" + targetType.getName());
		}

		try {
//			return ClassUtil.newInstance(targetType);",1,CVE-2018-21234,CWE-502,oblac/jodd,9bffc3913aeb8472c11bb543243004b4b4376f16,java
"
	protected Object newObjectInstance(final Class targetType) {
		if (targetType == null ||
			targetType == Map.class) {

			return mapSupplier.get();
		}

		ClassDescriptor cd = ClassIntrospector.get().lookup(targetType);

		CtorDescriptor ctorDescriptor = cd.getDefaultCtorDescriptor(true);
		if (ctorDescriptor == null) {
			throw new JsonException(""Default ctor not found for: "" + targetType.getName());
		}

		try {
//			return ClassUtil.newInstance(targetType);
			return ctorDescriptor.getConstructor().newInstance();
		} catch (Exception e) {
			throw new JsonException(e);
		}
	}

	/**
	 * Injects value into the targets property.
	 */
	protected void injectValueIntoObject(final Object target, final PropertyDescriptor pd, final Object value) {
		Object convertedValue = value;

		if (value != null) {
			Class targetClass = pd.getType();

			convertedValue = convertType(value, targetClass);
		}

		try {
			Setter setter = pd.getSetter(true);
			if (setter != null) {
				setter.invokeSetter(target, convertedValue);
			}",1,CVE-2018-21234,CWE-502,oblac/jodd,9bffc3913aeb8472c11bb543243004b4b4376f16,java
"

	public MapToBean(final JsonParserBase jsonParser, final String classMetadataName) {
		this.jsonParser = jsonParser;
		this.classMetadataName = classMetadataName;
	}

	/**
	 * Converts map to target type.
	 */
	public Object map2bean(final Map map, Class targetType) {
		Object target = null;

		// create targets type
		String className = (String) map.get(classMetadataName);

		if (className == null) {
			if (targetType == null) {
				// nothing to do, no information about target type found
				target = map;
			}
		}
		else {
			try {
				targetType = ClassLoaderUtil.loadClass(className);
			} catch (ClassNotFoundException cnfex) {
				throw new JsonException(cnfex);
			}
		}

		if (target == null) {
			target = jsonParser.newObjectInstance(targetType);
		}

		ClassDescriptor cd = ClassIntrospector.get().lookup(target.getClass());

		boolean targetIsMap = target instanceof Map;

		for (Object key : map.keySet()) {
			String keyName = key.toString();",1,CVE-2018-21234,CWE-502,oblac/jodd,9bffc3913aeb8472c11bb543243004b4b4376f16,java
"
	public Object map2bean(final Map map, Class targetType) {
		Object target = null;

		// create targets type
		String className = (String) map.get(classMetadataName);

		if (className == null) {
			if (targetType == null) {
				// nothing to do, no information about target type found
				target = map;
			}
		}
		else {
			try {
				targetType = ClassLoaderUtil.loadClass(className);
			} catch (ClassNotFoundException cnfex) {
				throw new JsonException(cnfex);
			}
		}

		if (target == null) {
			target = jsonParser.newObjectInstance(targetType);
		}

		ClassDescriptor cd = ClassIntrospector.get().lookup(target.getClass());

		boolean targetIsMap = target instanceof Map;

		for (Object key : map.keySet()) {
			String keyName = key.toString();

			if (classMetadataName != null) {
				if (keyName.equals(classMetadataName)) {
					continue;
				}
			}

			PropertyDescriptor pd = cd.getPropertyDescriptor(keyName, declared);
",1,CVE-2018-21234,CWE-502,oblac/jodd,9bffc3913aeb8472c11bb543243004b4b4376f16,java
"
				else if (value instanceof Map) {
					// if the value we want to inject is a Map...
					if (!ClassUtil.isTypeOf(propertyType, Map.class)) {
						// ... and if target is NOT a map
						value = map2bean((Map) value, propertyType);
					}
					else {
						// target is also a Map, but we might need to generify it
						Class keyType = pd == null ? null : pd.resolveKeyType(true);

						if (keyType != String.class || componentType != String.class) {
							// generify
							value = generifyMap((Map) value, keyType, componentType);
						}
					}
				}
			}

			if (targetIsMap) {
				((Map)target).put(keyName, value);
			}
			else {
				try {
					setValue(target, pd, value);
				} catch (Exception ignore) {
					ignore.printStackTrace();
				}
			}
		}

		return target;
	}

	/**
	 * Converts type of all list elements to match the component type.
	 */
	private Object generifyList(final List list, final Class componentType) {
		for (int i = 0; i < list.size(); i++) {
			Object element = list.get(i);",1,CVE-2018-21234,CWE-502,oblac/jodd,9bffc3913aeb8472c11bb543243004b4b4376f16,java
"
	void setUp() {
		creator = new DataCreator();
	}

	@AfterEach
	void tearDown() {
		JsonParser.Defaults.classMetadataName = null;
		JsonSerializer.Defaults.classMetadataName = null;
	}

	@Test
	void testDeserializeNoIncludes() {
		JsonParsers.forEachParser(jsonParser -> {
			Person jodder = creator.createJodder();
			String json = new JsonSerializer().serialize(jodder);
			Person jsonJodder = jsonParser.parse(json, Person.class);

			assertNotNull(jsonJodder);

			assertEquals(jodder.getLastname(), jsonJodder.getLastname());
			assertEquals(jodder.getFirstname(), jsonJodder.getFirstname());
			assertEquals(jodder.getBirthdate(), jsonJodder.getBirthdate());

			assertEquals(jodder.getHome().getState(), jsonJodder.getHome().getState());
			assertEquals(jodder.getHome().getStreet(), jsonJodder.getHome().getStreet());
			assertEquals(jodder.getHome().getCity(), jsonJodder.getHome().getCity());

			assertEquals(jodder.getWork().getCity(), jsonJodder.getWork().getCity());

			assertEquals(jsonJodder, jsonJodder.getWork().getPerson());

			assertEquals(0, jsonJodder.getHobbies().size());
		});
	}

	@Test
	void testDeserializeWithPath() {
		JsonParsers.forEachParser(jsonParser -> {
",1,CVE-2018-21234,CWE-502,oblac/jodd,9bffc3913aeb8472c11bb543243004b4b4376f16,java
"
	void tearDown() {
		JsonParser.Defaults.classMetadataName = null;
		JsonSerializer.Defaults.classMetadataName = null;
	}

	@Test
	void testDeserializeNoIncludes() {
		JsonParsers.forEachParser(jsonParser -> {
			Person jodder = creator.createJodder();
			String json = new JsonSerializer().serialize(jodder);
			Person jsonJodder = jsonParser.parse(json, Person.class);

			assertNotNull(jsonJodder);

			assertEquals(jodder.getLastname(), jsonJodder.getLastname());
			assertEquals(jodder.getFirstname(), jsonJodder.getFirstname());
			assertEquals(jodder.getBirthdate(), jsonJodder.getBirthdate());

			assertEquals(jodder.getHome().getState(), jsonJodder.getHome().getState());
			assertEquals(jodder.getHome().getStreet(), jsonJodder.getHome().getStreet());
			assertEquals(jodder.getHome().getCity(), jsonJodder.getHome().getCity());

			assertEquals(jodder.getWork().getCity(), jsonJodder.getWork().getCity());

			assertEquals(jsonJodder, jsonJodder.getWork().getPerson());

			assertEquals(0, jsonJodder.getHobbies().size());
		});
	}

	@Test
	void testDeserializeWithPath() {
		JsonParsers.forEachParser(jsonParser -> {

			Person igor = creator.createJodder();
			Map map = new HashMap();
			map.put(""person"", igor);

			String json = new JsonSerializer().serialize(map);",1,CVE-2018-21234,CWE-502,oblac/jodd,9bffc3913aeb8472c11bb543243004b4b4376f16,java
"
	void testDeserializeNoIncludes() {
		JsonParsers.forEachParser(jsonParser -> {
			Person jodder = creator.createJodder();
			String json = new JsonSerializer().serialize(jodder);
			Person jsonJodder = jsonParser.parse(json, Person.class);

			assertNotNull(jsonJodder);

			assertEquals(jodder.getLastname(), jsonJodder.getLastname());
			assertEquals(jodder.getFirstname(), jsonJodder.getFirstname());
			assertEquals(jodder.getBirthdate(), jsonJodder.getBirthdate());

			assertEquals(jodder.getHome().getState(), jsonJodder.getHome().getState());
			assertEquals(jodder.getHome().getStreet(), jsonJodder.getHome().getStreet());
			assertEquals(jodder.getHome().getCity(), jsonJodder.getHome().getCity());

			assertEquals(jodder.getWork().getCity(), jsonJodder.getWork().getCity());

			assertEquals(jsonJodder, jsonJodder.getWork().getPerson());

			assertEquals(0, jsonJodder.getHobbies().size());
		});
	}

	@Test
	void testDeserializeWithPath() {
		JsonParsers.forEachParser(jsonParser -> {

			Person igor = creator.createJodder();
			Map map = new HashMap();
			map.put(""person"", igor);

			String json = new JsonSerializer().serialize(map);

			map = jsonParser.map(""values"", Person.class).parse(json);
			Person jsonIgor = (Person) map.get(""person"");

			assertNotNull(jsonIgor);
",1,CVE-2018-21234,CWE-502,oblac/jodd,9bffc3913aeb8472c11bb543243004b4b4376f16,java
"
    public KubernetesResource(JobManager jobManager) {
    	this.jobManager = jobManager;
	}
    
	@Path(""/job-context"")
	@Produces(MediaType.APPLICATION_OCTET_STREAM)
    @GET
    public byte[] getJobContext() {
		JobContext context = jobManager.getJobContext(getJobToken(), true);
		Map<String, Object> contextMap = new HashMap<>();
		contextMap.put(""commands"", context.getCommands());
		contextMap.put(""retrieveSource"", context.isRetrieveSource());
		contextMap.put(""cloneDepth"", context.getCloneDepth());
		contextMap.put(""projectName"", context.getProjectName());
		contextMap.put(""cloneInfo"", context.getCloneInfo());
		contextMap.put(""commitHash"", context.getCommitId().name());
		contextMap.put(""collectFiles.includes"", context.getCollectFiles().getIncludes());
		contextMap.put(""collectFiles.excludes"", context.getCollectFiles().getExcludes());
		return SerializationUtils.serialize((Serializable) contextMap);
    }
	
	@Path(""/allocate-job-caches"")
	@Consumes(MediaType.APPLICATION_OCTET_STREAM)
	@Produces(MediaType.APPLICATION_OCTET_STREAM)
    @POST
    public byte[] allocateJobCaches(byte[] cacheAllocationRequestBytes) {
		CacheAllocationRequest allocationRequest = (CacheAllocationRequest) SerializationUtils
				.deserialize(cacheAllocationRequestBytes);
		return SerializationUtils.serialize((Serializable) jobManager.allocateJobCaches(
				getJobToken(), allocationRequest.getCurrentTime(), allocationRequest.getInstances()));
    }
	
	@Path(""/report-job-caches"")
	@Consumes(MediaType.APPLICATION_OCTET_STREAM)
	@POST
	public void reportJobCaches(byte[] cacheInstanceBytes) {
		@SuppressWarnings(""unchecked"")
		Collection<CacheInstance> cacheInstances = (Collection<CacheInstance>) SerializationUtils
				.deserialize(cacheInstanceBytes);",1,CVE-2021-21243,CWE-502,theonedev/onedev,9637fc8fa461c5777282a0021c3deb1e7a48f137,java
"
    public byte[] getJobContext() {
		JobContext context = jobManager.getJobContext(getJobToken(), true);
		Map<String, Object> contextMap = new HashMap<>();
		contextMap.put(""commands"", context.getCommands());
		contextMap.put(""retrieveSource"", context.isRetrieveSource());
		contextMap.put(""cloneDepth"", context.getCloneDepth());
		contextMap.put(""projectName"", context.getProjectName());
		contextMap.put(""cloneInfo"", context.getCloneInfo());
		contextMap.put(""commitHash"", context.getCommitId().name());
		contextMap.put(""collectFiles.includes"", context.getCollectFiles().getIncludes());
		contextMap.put(""collectFiles.excludes"", context.getCollectFiles().getExcludes());
		return SerializationUtils.serialize((Serializable) contextMap);
    }
	
	@Path(""/allocate-job-caches"")
	@Consumes(MediaType.APPLICATION_OCTET_STREAM)
	@Produces(MediaType.APPLICATION_OCTET_STREAM)
    @POST
    public byte[] allocateJobCaches(byte[] cacheAllocationRequestBytes) {
		CacheAllocationRequest allocationRequest = (CacheAllocationRequest) SerializationUtils
				.deserialize(cacheAllocationRequestBytes);
		return SerializationUtils.serialize((Serializable) jobManager.allocateJobCaches(
				getJobToken(), allocationRequest.getCurrentTime(), allocationRequest.getInstances()));
    }
	
	@Path(""/report-job-caches"")
	@Consumes(MediaType.APPLICATION_OCTET_STREAM)
	@POST
	public void reportJobCaches(byte[] cacheInstanceBytes) {
		@SuppressWarnings(""unchecked"")
		Collection<CacheInstance> cacheInstances = (Collection<CacheInstance>) SerializationUtils
				.deserialize(cacheInstanceBytes);
		jobManager.reportJobCaches(getJobToken(), cacheInstances);
	}
	
	@Path(""/download-dependencies"")
	@Produces(MediaType.APPLICATION_OCTET_STREAM)
	@GET
	public Response downloadDependencies() {",1,CVE-2021-21243,CWE-502,theonedev/onedev,9637fc8fa461c5777282a0021c3deb1e7a48f137,java
"
    public byte[] allocateJobCaches(byte[] cacheAllocationRequestBytes) {
		CacheAllocationRequest allocationRequest = (CacheAllocationRequest) SerializationUtils
				.deserialize(cacheAllocationRequestBytes);
		return SerializationUtils.serialize((Serializable) jobManager.allocateJobCaches(
				getJobToken(), allocationRequest.getCurrentTime(), allocationRequest.getInstances()));
    }
	
	@Path(""/report-job-caches"")
	@Consumes(MediaType.APPLICATION_OCTET_STREAM)
	@POST
	public void reportJobCaches(byte[] cacheInstanceBytes) {
		@SuppressWarnings(""unchecked"")
		Collection<CacheInstance> cacheInstances = (Collection<CacheInstance>) SerializationUtils
				.deserialize(cacheInstanceBytes);
		jobManager.reportJobCaches(getJobToken(), cacheInstances);
	}
	
	@Path(""/download-dependencies"")
	@Produces(MediaType.APPLICATION_OCTET_STREAM)
	@GET
	public Response downloadDependencies() {
		StreamingOutput os = new StreamingOutput() {

			@Override
		   public void write(OutputStream output) throws IOException {
				JobContext context = jobManager.getJobContext(getJobToken(), true);
				TarUtils.tar(context.getServerWorkspace(), Lists.newArrayList(""**""), 
						new ArrayList<>(), output);
				output.flush();
		   }				   
		   
		};
		return Response.ok(os).build();
	}
	
	@POST
	@Path(""/upload-outcomes"")
	@Consumes(MediaType.APPLICATION_OCTET_STREAM)	
	public Response uploadOutcomes(InputStream is) {",1,CVE-2021-21243,CWE-502,theonedev/onedev,9637fc8fa461c5777282a0021c3deb1e7a48f137,java
"
    public XStream() {
        this(null, (Mapper)null, new XppDriver());
    }

    /**
     * Constructs an XStream with a special {@link ReflectionProvider}.
     * <p>
     * The instance will use the {@link XppDriver} as default.
     * </p>
     * 
     * @param reflectionProvider the reflection provider to use or <em>null</em> for best matching reflection provider
     * @throws InitializationException in case of an initialization problem
     */
    public XStream(ReflectionProvider reflectionProvider) {
        this(reflectionProvider, (Mapper)null, new XppDriver());
    }

    /**
     * Constructs an XStream with a special {@link HierarchicalStreamDriver}.
     * <p>
     * The instance will tries to determine the best match for the {@link ReflectionProvider} on its own.
     * </p>
     *
     * @param hierarchicalStreamDriver the driver instance
     * @throws InitializationException in case of an initialization problem
     */
    public XStream(HierarchicalStreamDriver hierarchicalStreamDriver) {
        this(null, (Mapper)null, hierarchicalStreamDriver);
    }

    /**
     * Constructs an XStream with a special {@link HierarchicalStreamDriver} and {@link ReflectionProvider}.
     * 
     * @param reflectionProvider the reflection provider to use or <em>null</em> for best matching Provider
     * @param hierarchicalStreamDriver the driver instance
     * @throws InitializationException in case of an initialization problem
     */
    public XStream(ReflectionProvider reflectionProvider, HierarchicalStreamDriver hierarchicalStreamDriver) {
        this(reflectionProvider, (Mapper)null, hierarchicalStreamDriver);",1,CVE-2021-29505,CWE-502,x-stream/xstream,f0c4a8d861b68ffc3119cfbbbd632deee624e227,java
"
    public XStream(ReflectionProvider reflectionProvider) {
        this(reflectionProvider, (Mapper)null, new XppDriver());
    }

    /**
     * Constructs an XStream with a special {@link HierarchicalStreamDriver}.
     * <p>
     * The instance will tries to determine the best match for the {@link ReflectionProvider} on its own.
     * </p>
     *
     * @param hierarchicalStreamDriver the driver instance
     * @throws InitializationException in case of an initialization problem
     */
    public XStream(HierarchicalStreamDriver hierarchicalStreamDriver) {
        this(null, (Mapper)null, hierarchicalStreamDriver);
    }

    /**
     * Constructs an XStream with a special {@link HierarchicalStreamDriver} and {@link ReflectionProvider}.
     * 
     * @param reflectionProvider the reflection provider to use or <em>null</em> for best matching Provider
     * @param hierarchicalStreamDriver the driver instance
     * @throws InitializationException in case of an initialization problem
     */
    public XStream(ReflectionProvider reflectionProvider, HierarchicalStreamDriver hierarchicalStreamDriver) {
        this(reflectionProvider, (Mapper)null, hierarchicalStreamDriver);
    }

    /**
     * Constructs an XStream with a special {@link HierarchicalStreamDriver}, {@link ReflectionProvider} and a prepared
     * {@link Mapper} chain.
     * 
     * @param reflectionProvider the reflection provider to use or <em>null</em> for best matching Provider
     * @param mapper the instance with the {@link Mapper} chain or <em>null</em> for the default chain
     * @param driver the driver instance
     * @throws InitializationException in case of an initialization problem
     * @deprecated As of 1.3, use {@link #XStream(ReflectionProvider, HierarchicalStreamDriver, ClassLoader, Mapper)}
     *             instead
     */",1,CVE-2021-29505,CWE-502,x-stream/xstream,f0c4a8d861b68ffc3119cfbbbd632deee624e227,java
"
    public XStream(HierarchicalStreamDriver hierarchicalStreamDriver) {
        this(null, (Mapper)null, hierarchicalStreamDriver);
    }

    /**
     * Constructs an XStream with a special {@link HierarchicalStreamDriver} and {@link ReflectionProvider}.
     * 
     * @param reflectionProvider the reflection provider to use or <em>null</em> for best matching Provider
     * @param hierarchicalStreamDriver the driver instance
     * @throws InitializationException in case of an initialization problem
     */
    public XStream(ReflectionProvider reflectionProvider, HierarchicalStreamDriver hierarchicalStreamDriver) {
        this(reflectionProvider, (Mapper)null, hierarchicalStreamDriver);
    }

    /**
     * Constructs an XStream with a special {@link HierarchicalStreamDriver}, {@link ReflectionProvider} and a prepared
     * {@link Mapper} chain.
     * 
     * @param reflectionProvider the reflection provider to use or <em>null</em> for best matching Provider
     * @param mapper the instance with the {@link Mapper} chain or <em>null</em> for the default chain
     * @param driver the driver instance
     * @throws InitializationException in case of an initialization problem
     * @deprecated As of 1.3, use {@link #XStream(ReflectionProvider, HierarchicalStreamDriver, ClassLoader, Mapper)}
     *             instead
     */
    public XStream(ReflectionProvider reflectionProvider, Mapper mapper, HierarchicalStreamDriver driver) {
        this(reflectionProvider, driver, new CompositeClassLoader(), mapper);
    }

    /**
     * Constructs an XStream with a special {@link HierarchicalStreamDriver}, {@link ReflectionProvider} and a
     * {@link ClassLoaderReference}.
     * 
     * @param reflectionProvider the reflection provider to use or <em>null</em> for best matching Provider
     * @param driver the driver instance
     * @param classLoaderReference the reference to the {@link ClassLoader} to use
     * @throws InitializationException in case of an init",1,CVE-2021-29505,CWE-502,x-stream/xstream,f0c4a8d861b68ffc3119cfbbbd632deee624e227,java
"

    public ScriptPluginProviderLoader(final File file, final File cachedir) {
        this.file = file;
        this.cachedir = cachedir;
    }

    @Override
    public boolean canLoadForService(final FrameworkSupportService service) {
        return service instanceof ScriptPluginProviderLoadable;
    }

    private PluginResourceLoader getResourceLoader() throws PluginException {
        if (null == resourceLoader) {
            synchronized (this) {
                if (null == resourceLoader) {
                    try {
                        ZipResourceLoader loader = new ZipResourceLoader(
                                new File(getFileCacheDir(), ""resources""),
                                file,
                                getPluginResourcesList(),
                                getFileBasename() + ""/"" + getResourcesBasePath()
                        );
                        loader.extractResources();
                        this.resourceLoader = loader;
                    } catch (IOException e) {
                        throw new PluginException(""Unable to expand plugin libs: "" + e.getMessage(), e);
                    }
                }
            }
        }
        return resourceLoader;
    }

    @Override
    public List<String> listResources() throws PluginException, IOException {
        if (supportsResources(getPluginMeta())) {
            return getResourceLoader().listResources();
        }
        return null;",1,CVE-2021-39132,CWE-502,rundeck/rundeck,850d12e21d22833bc148b7f458d7cb5949f829b6,java
"
    public boolean canLoadForService(final FrameworkSupportService service) {
        return service instanceof ScriptPluginProviderLoadable;
    }

    private PluginResourceLoader getResourceLoader() throws PluginException {
        if (null == resourceLoader) {
            synchronized (this) {
                if (null == resourceLoader) {
                    try {
                        ZipResourceLoader loader = new ZipResourceLoader(
                                new File(getFileCacheDir(), ""resources""),
                                file,
                                getPluginResourcesList(),
                                getFileBasename() + ""/"" + getResourcesBasePath()
                        );
                        loader.extractResources();
                        this.resourceLoader = loader;
                    } catch (IOException e) {
                        throw new PluginException(""Unable to expand plugin libs: "" + e.getMessage(), e);
                    }
                }
            }
        }
        return resourceLoader;
    }

    @Override
    public List<String> listResources() throws PluginException, IOException {
        if (supportsResources(getPluginMeta())) {
            return getResourceLoader().listResources();
        }
        return null;
    }

    @Override
    public InputStream openResourceStreamFor(final String name) throws PluginException, IOException {
        if (supportsResources(getPluginMeta())) {
            return getResourceLoader().openResourceStreamFor(name);
        }",1,CVE-2021-39132,CWE-502,rundeck/rundeck,850d12e21d22833bc148b7f458d7cb5949f829b6,java
"

    private PluginResourceLoader getResourceLoader() throws PluginException {
        if (null == resourceLoader) {
            synchronized (this) {
                if (null == resourceLoader) {
                    try {
                        ZipResourceLoader loader = new ZipResourceLoader(
                                new File(getFileCacheDir(), ""resources""),
                                file,
                                getPluginResourcesList(),
                                getFileBasename() + ""/"" + getResourcesBasePath()
                        );
                        loader.extractResources();
                        this.resourceLoader = loader;
                    } catch (IOException e) {
                        throw new PluginException(""Unable to expand plugin libs: "" + e.getMessage(), e);
                    }
                }
            }
        }
        return resourceLoader;
    }

    @Override
    public List<String> listResources() throws PluginException, IOException {
        if (supportsResources(getPluginMeta())) {
            return getResourceLoader().listResources();
        }
        return null;
    }

    @Override
    public InputStream openResourceStreamFor(final String name) throws PluginException, IOException {
        if (supportsResources(getPluginMeta())) {
            return getResourceLoader().openResourceStreamFor(name);
        }
        return null;
    }
",1,CVE-2021-39132,CWE-502,rundeck/rundeck,850d12e21d22833bc148b7f458d7cb5949f829b6,java
"
    public boolean isPacked(File workflowFile) throws IOException {
        if (workflowFile.length() > singleFileSizeLimit) {
            return false;
        }
        String fileContent = readFileToString(workflowFile);
        return fileContent.contains(""$graph"");
    }

    /**
     * Gets a list of workflows from a packed CWL file
     * @param packedFile The packed CWL file
     * @return The list of workflow overviews
     */
    public List<WorkflowOverview> getWorkflowOverviewsFromPacked(File packedFile) throws IOException {
        if (packedFile.length() <= singleFileSizeLimit) {
            List<WorkflowOverview> overviews = new ArrayList<>();

            JsonNode packedJson = yamlPathToJson(packedFile.toPath());

            if (packedJson.has(DOC_GRAPH)) {
                for (JsonNode jsonNode : packedJson.get(DOC_GRAPH)) {
                    if (extractProcess(jsonNode) == CWLProcess.WORKFLOW) {
                        WorkflowOverview overview = new WorkflowOverview(jsonNode.get(ID).asText(),
                                extractLabel(jsonNode), extractDoc(jsonNode));
                        overviews.add(overview);
                    }
                }
            } else {
                throw new IOException(""The file given was not recognised as a packed CWL file"");
            }

            return overviews;

        } else {
            throw new IOException(""File '"" + packedFile.getName() +  ""' is over singleFileSizeLimit - "" +
                    FileUtils.byteCountToDisplaySize(packedFile.length()) + ""/"" +
                    FileUtils.byteCountToDisplaySize(singleFileSizeLimit));
        }
    }",1,CVE-2021-41110,CWE-502,common-workflow-language/cwlviewer,f6066f09edb70033a2ce80200e9fa9e70a5c29de,java
"
    public List<WorkflowOverview> getWorkflowOverviewsFromPacked(File packedFile) throws IOException {
        if (packedFile.length() <= singleFileSizeLimit) {
            List<WorkflowOverview> overviews = new ArrayList<>();

            JsonNode packedJson = yamlPathToJson(packedFile.toPath());

            if (packedJson.has(DOC_GRAPH)) {
                for (JsonNode jsonNode : packedJson.get(DOC_GRAPH)) {
                    if (extractProcess(jsonNode) == CWLProcess.WORKFLOW) {
                        WorkflowOverview overview = new WorkflowOverview(jsonNode.get(ID).asText(),
                                extractLabel(jsonNode), extractDoc(jsonNode));
                        overviews.add(overview);
                    }
                }
            } else {
                throw new IOException(""The file given was not recognised as a packed CWL file"");
            }

            return overviews;

        } else {
            throw new IOException(""File '"" + packedFile.getName() +  ""' is over singleFileSizeLimit - "" +
                    FileUtils.byteCountToDisplaySize(packedFile.length()) + ""/"" +
                    FileUtils.byteCountToDisplaySize(singleFileSizeLimit));
        }
    }

    /**
     * Gets the Workflow object from internal parsing. 
     * Note, the length of the stream is not checked.
     *  
     * @param workflowStream The workflow stream to be parsed
     * @param packedWorkflowId The ID of the workflow object if the file is packed. <code>null</code> means the workflow is not expected to be packed, while """" means the first workflow found is used, packed or non-packed.
     * @param defaultLabel Label to give workflow if not set
     * @return The constructed workflow object
     */
    public Workflow parseWorkflowNative(InputStream workflowStream, String packedWorkflowId, String defaultLabel) throws IOException {
        // Parse file as yaml
        JsonNode cwlFile = yamlStreamToJson(workflowStream);",1,CVE-2021-41110,CWE-502,common-workflow-language/cwlviewer,f6066f09edb70033a2ce80200e9fa9e70a5c29de,java
"
    public Workflow parseWorkflowNative(InputStream workflowStream, String packedWorkflowId, String defaultLabel) throws IOException {
        // Parse file as yaml
        JsonNode cwlFile = yamlStreamToJson(workflowStream);

        // Check packed workflow occurs
        boolean found = false;
        if (packedWorkflowId != null) {
            if (cwlFile.has(DOC_GRAPH)) {
                for (JsonNode jsonNode : cwlFile.get(DOC_GRAPH)) {
                    if (extractProcess(jsonNode) == CWLProcess.WORKFLOW) {
                        String currentId = jsonNode.get(ID).asText();
                        if (currentId.startsWith(""#"")) {
                            currentId = currentId.substring(1);
                        }
                        if (packedWorkflowId.isEmpty() || currentId.equals(packedWorkflowId)) {
                            cwlFile = jsonNode;
                            found = true;
                            break;
                        }
                    }
                }
            }
            if (!found && ! packedWorkflowId.isEmpty()) throw new WorkflowNotFoundException();
        }
        if (! found && extractProcess(cwlFile) == CWLProcess.WORKFLOW) {
        	// Check the current json node is a workflow
        	found = true;
        }
        if (! found) {
            throw new WorkflowNotFoundException();
        }

        // Use filename for label if there is no defined one
        String label = extractLabel(cwlFile);
        if (label == null) {
            label = defaultLabel;
        }

        // Construct the rest of the workflow model",1,CVE-2021-41110,CWE-502,common-workflow-language/cwlviewer,f6066f09edb70033a2ce80200e9fa9e70a5c29de,java
"

    public static ParserConfig getGlobalInstance() {
        return global;
    }
    public static ParserConfig                              global                = new ParserConfig();

    private final IdentityHashMap<Type, ObjectDeserializer> deserializers         = new IdentityHashMap<Type, ObjectDeserializer>();
    private final IdentityHashMap<Type, IdentityHashMap<Type, ObjectDeserializer>> mixInDeserializers = new IdentityHashMap<Type, IdentityHashMap<Type, ObjectDeserializer>>(16);
    private final ConcurrentMap<String,Class<?>>            typeMapping           = new ConcurrentHashMap<String,Class<?>>(16, 0.75f, 1);

    private boolean                                         asmEnable             = !ASMUtils.IS_ANDROID;

    public final SymbolTable                                symbolTable           = new SymbolTable(4096);

    public PropertyNamingStrategy                           propertyNamingStrategy;

    protected ClassLoader                                   defaultClassLoader;

    protected ASMDeserializerFactory                        asmFactory;

    private static boolean                                  awtError              = false;
    private static boolean                                  jdk8Error             = false;
    private static boolean                                  jodaError             = false;
    private static boolean                                  guavaError            = false;

    private boolean                                         autoTypeSupport       = AUTO_SUPPORT;
    private long[]                                          internalDenyHashCodes;
    private long[]                                          denyHashCodes;
    private long[]                                          acceptHashCodes;


    public final boolean                                    fieldBased;
    private boolean                                         jacksonCompatible     = false;

    public boolean                         ",1,CVE-2022-25845,CWE-502,alibaba/fastjson,35db4adad70c32089542f23c272def1ad920a60d,java
"

    public ParserConfig(){
        this(false);
    }

    public ParserConfig(boolean fieldBase){
        this(null, null, fieldBase);
    }

    public ParserConfig(ClassLoader parentClassLoader){
        this(null, parentClassLoader, false);
    }

    public ParserConfig(ASMDeserializerFactory asmFactory){
        this(asmFactory, null, false);
    }

    private ParserConfig(ASMDeserializerFactory asmFactory, ClassLoader parentClassLoader, boolean fieldBased){
        this.fieldBased = fieldBased;
        if (asmFactory == null && !ASMUtils.IS_ANDROID) {
            try {
                if (parentClassLoader == null) {
                    asmFactory = new ASMDeserializerFactory(new ASMClassLoader());
                } else {
                    asmFactory = new ASMDeserializerFactory(parentClassLoader);
                }
            } catch (ExceptionInInitializerError error) {
                // skip
            } catch (AccessControlException error) {
                // skip
            } catch (NoClassDefFoundError error) {
                // skip
            }
        }

        this.asmFactory = asmFactory;

        if (asmFactory == null) {
            asmEnable = false;",1,CVE-2022-25845,CWE-502,alibaba/fastjson,35db4adad70c32089542f23c272def1ad920a60d,java
"

    public ParserConfig(boolean fieldBase){
        this(null, null, fieldBase);
    }

    public ParserConfig(ClassLoader parentClassLoader){
        this(null, parentClassLoader, false);
    }

    public ParserConfig(ASMDeserializerFactory asmFactory){
        this(asmFactory, null, false);
    }

    private ParserConfig(ASMDeserializerFactory asmFactory, ClassLoader parentClassLoader, boolean fieldBased){
        this.fieldBased = fieldBased;
        if (asmFactory == null && !ASMUtils.IS_ANDROID) {
            try {
                if (parentClassLoader == null) {
                    asmFactory = new ASMDeserializerFactory(new ASMClassLoader());
                } else {
                    asmFactory = new ASMDeserializerFactory(parentClassLoader);
                }
            } catch (ExceptionInInitializerError error) {
                // skip
            } catch (AccessControlException error) {
                // skip
            } catch (NoClassDefFoundError error) {
                // skip
            }
        }

        this.asmFactory = asmFactory;

        if (asmFactory == null) {
            asmEnable = false;
        }

        initDeserializers();
",1,CVE-2022-25845,CWE-502,alibaba/fastjson,35db4adad70c32089542f23c272def1ad920a60d,java
"
	public void test_exception() throws Exception {
		RuntimeException ex = new RuntimeException(""e1"");
		String text = JSON.toJSONString(ex);
		System.out.println(text);
		
		RuntimeException ex2 = (RuntimeException) JSON.parse(text);
	}
}",1,CVE-2022-25845,CWE-502,alibaba/fastjson,35db4adad70c32089542f23c272def1ad920a60d,java
"
    public void handleRequest(HttpServletRequest request, HttpServletResponse response) throws ServletException, IOException {
        try {
            RemoteInvocation invocation = readRemoteInvocation(request);

            if (!authorized(request, response, invocation)) {
                return;
            }

            RemoteInvocationResult result = invokeAndCreateResult(invocation, getProxy());
            writeRemoteInvocationResult(request, response, result);
        } catch (ClassNotFoundException ex) {
            throw new NestedServletException(""Class not found during deserialization"", ex);
        }
    }

    /**
     * Verifies that the agent UUID from the deserialized payload matches the UUID permitted by the agent authentication
     * filter.
     *
     * @param request    the {@link HttpServletRequest}
     * @param response   the {@link HttpServletResponse}
     * @param invocation the deserialized {@link RemoteInvocation} payload
     * @return true if authorized; false otherwise
     * @throws IOException on error while writing a response back to the client
     */
    private boolean authorized(HttpServletRequest request, HttpServletResponse response, RemoteInvocation invocation) throws IOException {
        final String uuid = request.getHeader(""X-Agent-GUID""); // should never be null since we passed the auth filter
        final MethodSignature current = new MethodSignature(invocation);

        LOG.debug(format(""Checking authorization for agent [%s] on invocation: %s"", uuid, invocation));

        if (KNOWN_METHODS_NEEDING_UUID_VALIDATION.contains(current)) {
            final String askingFor = AgentUUID.fromRuntimeInfo0(invocation.getArguments());

            if (!uuid.equals(askingFor)) {
                LOG.error(format(""DENYING REQUEST: Agent [%s] is attempting a request on behalf of [%s]: %s"", uuid, askingFor, invocation));
                reject(response, SC_FORBIDDEN, ""Not allowing request on behalf of another agent"");
       ",1,CVE-2022-39311,CWE-502,gocd/gocd,7b88b70d6f7f429562d5cab49a80ea856e34cdc8,java
"
    private boolean authorized(HttpServletRequest request, HttpServletResponse response, RemoteInvocation invocation) throws IOException {
        final String uuid = request.getHeader(""X-Agent-GUID""); // should never be null since we passed the auth filter
        final MethodSignature current = new MethodSignature(invocation);

        LOG.debug(format(""Checking authorization for agent [%s] on invocation: %s"", uuid, invocation));

        if (KNOWN_METHODS_NEEDING_UUID_VALIDATION.contains(current)) {
            final String askingFor = AgentUUID.fromRuntimeInfo0(invocation.getArguments());

            if (!uuid.equals(askingFor)) {
                LOG.error(format(""DENYING REQUEST: Agent [%s] is attempting a request on behalf of [%s]: %s"", uuid, askingFor, invocation));
                reject(response, SC_FORBIDDEN, ""Not allowing request on behalf of another agent"");
                return false;
            }
        } else {
            LOG.error(format(""DENYING REQUEST: Agent [%s] is requesting an unknown method invocation: %s"", uuid, invocation));
            reject(response, SC_BAD_REQUEST, format(""Unknown invocation: %s"", invocation));
            return false;
        }

        LOG.debug(format(""ALLOWING REQUEST: Agent [%s] is authorized to invoke: %s"", uuid, invocation));
        return true;
    }

    /**
     * Returns a plaintext error response back to the agent on failure
     *
     * @param response   the {@link HttpServletResponse}
     * @param statusCode the HTTP status code
     * @param msg        the error message
     * @throws IOException on error while writing a response back to the client
     */
    private void reject(HttpServletResponse response, int statusCode, String msg) throws IOException {
        response.setStatus(statusCode);
        response.setContentType(""text/plain"");
        final PrintWriter writer = response.getWriter();
        writer.println(msg);
        writer.flush();
        writer.close();",1,CVE-2022-39311,CWE-502,gocd/gocd,7b88b70d6f7f429562d5cab49a80ea856e34cdc8,java
"
    private void reject(HttpServletResponse response, int statusCode, String msg) throws IOException {
        response.setStatus(statusCode);
        response.setContentType(""text/plain"");
        final PrintWriter writer = response.getWriter();
        writer.println(msg);
        writer.flush();
        writer.close();
    }

    /**
     * Just a container class to hold functions to extract the agent UUID from deserialized payloads
     */
    private static class AgentUUID {
        private static String fromRuntimeInfo0(Object[] args) {
            return ((AgentRuntimeInfo) args[0]).getIdentifier().getUuid();
        }
    }

    /**
     * Helper class to make RMI method matching easier
     */
    private static class MethodSignature {
        private final String name;
        private final Class<?>[] paramTypes;

        private MethodSignature(RemoteInvocation invocation) {
            this(invocation.getMethodName(), invocation.getParameterTypes());
        }

        private MethodSignature(String name, Class<?>... paramTypes) {
            this.name = name;
            this.paramTypes = paramTypes;
        }

        @Override
        public boolean equals(Object o) {
            if (this == o) return true;
            if (o == null || getClass() != o.getClass()) return false;
            MethodSignature that = (MethodSignature) o;",1,CVE-2022-39311,CWE-502,gocd/gocd,7b88b70d6f7f429562d5cab49a80ea856e34cdc8,java
"
    void setup() throws Exception {
        openMocks(this).close();
        req = new MockHttpServletRequest();
        req.addHeader(""X-Agent-GUID"", AGENT_UUID);
        res = new MockHttpServletResponse();
    }

    @Test
    void isIgnored_allowedForSameUUID() throws Exception {
        final AgentRuntimeInfo agent = runtimeInfo(AGENT_UUID);
        final AgentRemoteInvokerServiceExporter invoker = deserializingWith(new RemoteInvocation(""isIgnored"", new Class[]{AgentRuntimeInfo.class, JobIdentifier.class}, new Object[]{agent, null}), target);
        invoker.handleRequest(req, res);
        verify(target, only()).isIgnored(agent, null);
        assertEquals(SC_OK, res.getStatus());
    }

    @Test
    void isIgnored_rejectedForDifferentUUID() throws Exception {
        final AgentRuntimeInfo agent = runtimeInfo(""other"");
        final AgentRemoteInvokerServiceExporter invoker = deserializingWith(new RemoteInvocation(""isIgnored"", new Class[]{AgentRuntimeInfo.class, JobIdentifier.class}, new Object[]{agent, null}), target);
        invoker.handleRequest(req, res);
        verify(target, never()).isIgnored(any(AgentRuntimeInfo.class), any(JobIdentifier.class));
        assertEquals(SC_FORBIDDEN, res.getStatus());
    }

    @Test
    void ping_allowedForSameUUID() throws Exception {
        final AgentRuntimeInfo agent = runtimeInfo(AGENT_UUID);
        final AgentRemoteInvokerServiceExporter invoker = deserializingWith(new RemoteInvocation(""ping"", new Class[]{AgentRuntimeInfo.class}, new Object[]{agent}), target);
        invoker.handleRequest(req, res);
        verify(target, only()).ping(agent);
        assertEquals(SC_OK, res.getStatus());
    }

    @Test
    void ping_rejectedForDifferentUUID() throws Exception {
        final AgentRuntimeInfo agent = runtimeInfo(""other"");
        final AgentRemoteInvokerServiceExporter invoker = deserializingWith(new RemoteInvocation(""ping"", new Class[]{AgentRuntimeInfo.class}, new Object[]{agent}), target);
        invok",1,CVE-2022-39311,CWE-502,gocd/gocd,7b88b70d6f7f429562d5cab49a80ea856e34cdc8,java
"
    void isIgnored_allowedForSameUUID() throws Exception {
        final AgentRuntimeInfo agent = runtimeInfo(AGENT_UUID);
        final AgentRemoteInvokerServiceExporter invoker = deserializingWith(new RemoteInvocation(""isIgnored"", new Class[]{AgentRuntimeInfo.class, JobIdentifier.class}, new Object[]{agent, null}), target);
        invoker.handleRequest(req, res);
        verify(target, only()).isIgnored(agent, null);
        assertEquals(SC_OK, res.getStatus());
    }

    @Test
    void isIgnored_rejectedForDifferentUUID() throws Exception {
        final AgentRuntimeInfo agent = runtimeInfo(""other"");
        final AgentRemoteInvokerServiceExporter invoker = deserializingWith(new RemoteInvocation(""isIgnored"", new Class[]{AgentRuntimeInfo.class, JobIdentifier.class}, new Object[]{agent, null}), target);
        invoker.handleRequest(req, res);
        verify(target, never()).isIgnored(any(AgentRuntimeInfo.class), any(JobIdentifier.class));
        assertEquals(SC_FORBIDDEN, res.getStatus());
    }

    @Test
    void ping_allowedForSameUUID() throws Exception {
        final AgentRuntimeInfo agent = runtimeInfo(AGENT_UUID);
        final AgentRemoteInvokerServiceExporter invoker = deserializingWith(new RemoteInvocation(""ping"", new Class[]{AgentRuntimeInfo.class}, new Object[]{agent}), target);
        invoker.handleRequest(req, res);
        verify(target, only()).ping(agent);
        assertEquals(SC_OK, res.getStatus());
    }

    @Test
    void ping_rejectedForDifferentUUID() throws Exception {
        final AgentRuntimeInfo agent = runtimeInfo(""other"");
        final AgentRemoteInvokerServiceExporter invoker = deserializingWith(new RemoteInvocation(""ping"", new Class[]{AgentRuntimeInfo.class}, new Object[]{agent}), target);
        invoker.handleRequest(req, res);
        verify(target, never()).ping(any(AgentRuntimeInfo.class));
        assertEquals(SC_FORBIDDEN, res.getStatus());
    }

    @Test
    void getWork_allowedForSameUUID() throws Exception {
    ",1,CVE-2022-39311,CWE-502,gocd/gocd,7b88b70d6f7f429562d5cab49a80ea856e34cdc8,java
"
    void isIgnored_rejectedForDifferentUUID() throws Exception {
        final AgentRuntimeInfo agent = runtimeInfo(""other"");
        final AgentRemoteInvokerServiceExporter invoker = deserializingWith(new RemoteInvocation(""isIgnored"", new Class[]{AgentRuntimeInfo.class, JobIdentifier.class}, new Object[]{agent, null}), target);
        invoker.handleRequest(req, res);
        verify(target, never()).isIgnored(any(AgentRuntimeInfo.class), any(JobIdentifier.class));
        assertEquals(SC_FORBIDDEN, res.getStatus());
    }

    @Test
    void ping_allowedForSameUUID() throws Exception {
        final AgentRuntimeInfo agent = runtimeInfo(AGENT_UUID);
        final AgentRemoteInvokerServiceExporter invoker = deserializingWith(new RemoteInvocation(""ping"", new Class[]{AgentRuntimeInfo.class}, new Object[]{agent}), target);
        invoker.handleRequest(req, res);
        verify(target, only()).ping(agent);
        assertEquals(SC_OK, res.getStatus());
    }

    @Test
    void ping_rejectedForDifferentUUID() throws Exception {
        final AgentRuntimeInfo agent = runtimeInfo(""other"");
        final AgentRemoteInvokerServiceExporter invoker = deserializingWith(new RemoteInvocation(""ping"", new Class[]{AgentRuntimeInfo.class}, new Object[]{agent}), target);
        invoker.handleRequest(req, res);
        verify(target, never()).ping(any(AgentRuntimeInfo.class));
        assertEquals(SC_FORBIDDEN, res.getStatus());
    }

    @Test
    void getWork_allowedForSameUUID() throws Exception {
        final AgentRuntimeInfo agent = runtimeInfo(AGENT_UUID);
        final AgentRemoteInvokerServiceExporter invoker = deserializingWith(new RemoteInvocation(""getWork"", new Class[]{AgentRuntimeInfo.class}, new Object[]{agent}), target);
        invoker.handleRequest(req, res);
        verify(target, only()).getWork(agent);
        assertEquals(SC_OK, res.getStatus());
    }

    @Test
    void getWork_rejectedForDifferentUUID() throws Exception {
        final AgentRuntimeInfo agent ",1,CVE-2022-39311,CWE-502,gocd/gocd,7b88b70d6f7f429562d5cab49a80ea856e34cdc8,java
"

    public String getJdbc() {
        if(StringUtils.isEmpty(extraParams.trim())){
            return ""jdbc:mysql://HOSTNAME:PORT/DATABASE""
                    .replace(""HOSTNAME"", getHost().trim())
                    .replace(""PORT"", getPort().toString().trim())
                    .replace(""DATABASE"", getDataBase().trim());
        }else {
            return ""jdbc:mysql://HOSTNAME:PORT/DATABASE?EXTRA_PARAMS""
                    .replace(""HOSTNAME"", getHost().trim())
                    .replace(""PORT"", getPort().toString().trim())
                    .replace(""DATABASE"", getDataBase().trim())
                    .replace(""EXTRA_PARAMS"", getExtraParams().trim());
        }
    }
}",1,CVE-2022-39312,CWE-502,dataease/dataease,956ee2d6c9e81349a60aef435efc046888e10a6d,java
"
  public ExitCode runWithoutHelp(CommandRunnerParams params)
      throws IOException, InterruptedException {

    if (saveFilename != null && loadFilename != null) {
      params.getConsole().printErrorText(""Can't use both --load and --save"");
      return ExitCode.COMMANDLINE_ERROR;
    }

    if (saveFilename != null) {
      invalidateChanges(params);
      RemoteDaemonicParserState state = params.getParser().storeParserState(params.getCell());
      try (FileOutputStream fos = new FileOutputStream(saveFilename);
          ZipOutputStream zipos = new ZipOutputStream(fos)) {
        zipos.putNextEntry(new ZipEntry(""parser_data""));
        try (ObjectOutputStream oos = new ObjectOutputStream(zipos)) {
          oos.writeObject(state);
        }
      }
    } else if (loadFilename != null) {
      try (FileInputStream fis = new FileInputStream(loadFilename);
          ZipInputStream zipis = new ZipInputStream(fis)) {
        ZipEntry entry = zipis.getNextEntry();
        Preconditions.checkState(entry.getName().equals(""parser_data""));
        try (ObjectInputStream ois = new ObjectInputStream(zipis)) {
          RemoteDaemonicParserState state;
          try {
            state = (RemoteDaemonicParserState) ois.readObject();
          } catch (ClassNotFoundException e) {
            params.getConsole().printErrorText(""Invalid file format"");
            return ExitCode.COMMANDLINE_ERROR;
          }
          params.getParser().restoreParserState(state, params.getCell());
        }
      }
      invalidateChanges(params);

      ParserConfig configView = params.getBuckConfig().getView(ParserConfig.class);
      if (configView.isParserCacheMutationWarningEnabled()) {
        params",0,CVE-2018-6331,CWE-502,facebook/buck,8c5500981812564877bd122c0f8fab48d3528ddf,java
" else if (loadFilename != null) {
      try (FileInputStream fis = new FileInputStream(loadFilename);
          ZipInputStream zipis = new ZipInputStream(fis)) {
        ZipEntry entry = zipis.getNextEntry();
        Preconditions.checkState(entry.getName().equals(""parser_data""));
        try (ObjectInputStream ois = new ObjectInputStream(zipis)) {
          RemoteDaemonicParserState state;
          try {
            state = (RemoteDaemonicParserState) ois.readObject();
          } catch (ClassNotFoundException e) {
            params.getConsole().printErrorText(""Invalid file format"");
            return ExitCode.COMMANDLINE_ERROR;
          }
          params.getParser().restoreParserState(state, params.getCell());
        }
      }
      invalidateChanges(params);

      ParserConfig configView = params.getBuckConfig().getView(ParserConfig.class);
      if (configView.isParserCacheMutationWarningEnabled()) {
        params
            .getConsole()
            .printErrorText(
                params
                    .getConsole()
                    .getAnsi()
                    .asWarningText(
                        ""WARNING: Buck injected a parser state that may not match the local state.""));
      }
    }

    return ExitCode.SUCCESS;
  }

  private void invalidateChanges(CommandRunnerParams params) throws IOException {
    if (changesPath == null) {
      return;
    }
    try (FileInputStream is = new FileInputStream(changesPath)) {
      JsonNode responseNode = ObjectMappers.READER.readTree(is);",0,CVE-2018-6331,CWE-502,facebook/buck,8c5500981812564877bd122c0f8fab48d3528ddf,java
"

  private void invalidateChanges(CommandRunnerParams params) throws IOException {
    if (changesPath == null) {
      return;
    }
    try (FileInputStream is = new FileInputStream(changesPath)) {
      JsonNode responseNode = ObjectMappers.READER.readTree(is);
      Iterator<JsonNode> iterator = responseNode.elements();
      while (iterator.hasNext()) {
        JsonNode item = iterator.next();
        String path = item.get(""path"").asText();
        String status = item.get(""status"").asText();

        boolean isAdded = false;
        boolean isRemoved = false;
        if (status.equals(""A"") || status.equals(""?"")) {
          isAdded = true;
        } else if (status.equals(""R"") || status.equals(""!"")) {
          isRemoved = true;
        }
        Path fullPath = params.getCell().getRoot().resolve(path).normalize();
        params.getParser().invalidateBasedOnPath(fullPath, isAdded || isRemoved);
      }
    }
  }

  @Override
  public String getShortDescription() {
    return ""Load and save state of the parser cache"";
  }

  @Override
  public boolean isReadOnly() {
    return false;
  }
}",0,CVE-2018-6331,CWE-502,facebook/buck,8c5500981812564877bd122c0f8fab48d3528ddf,java
"
  public void testSaveAndLoad() throws IOException {
    assumeTrue(AppleNativeIntegrationTestUtils.isApplePlatformAvailable(ApplePlatform.MACOSX));

    ProjectWorkspace workspace =
        TestDataHelper.createProjectWorkspaceForScenario(this, ""parser_with_cell"", tmp);
    workspace.setUp();

    // Warm the parser cache.
    TestContext context = new TestContext();
    ProcessResult runBuckResult =
        workspace.runBuckdCommand(context, ""query"", ""deps(//Apps:TestAppsLibrary)"");
    runBuckResult.assertSuccess();
    assertThat(
        runBuckResult.getStdout(),
        Matchers.containsString(
            ""//Apps:TestAppsLibrary\n""
                + ""//Libraries/Dep1:Dep1_1\n""
                + ""//Libraries/Dep1:Dep1_2\n""
                + ""bar//Dep2:Dep2""));

    // Save the parser cache to a file.
    NamedTemporaryFile tempFile = new NamedTemporaryFile(""parser_data"", null);
    runBuckResult =
        workspace.runBuckdCommand(context, ""parser-cache"", ""--save"", tempFile.get().toString());
    runBuckResult.assertSuccess();

    // Write an empty content to Apps/BUCK.
    Path path = tmp.getRoot().resolve(""Apps/BUCK"");
    byte[] data = {};
    Files.write(path, data);

    context = new TestContext();
    // Load the parser cache to a new buckd context.
    runBuckResult =
        workspace.runBuckdCommand(context, ""parser-cache"", ""--load"", tempFile.get().toString());
    runBuckResult.assertSuccess();

    // Perform the query again. If we didn't load the parser cache, this call would fail because
    // Apps/BUCK is empty.",0,CVE-2018-6331,CWE-502,facebook/buck,8c5500981812564877bd122c0f8fab48d3528ddf,java
"
  public void testInvalidate() throws IOException {
    ProjectWorkspace workspace =
        TestDataHelper.createProjectWorkspaceForScenario(this, ""parser_with_cell"", tmp);
    workspace.setUp();

    // Warm the parser cache.
    TestContext context = new TestContext();
    ProcessResult runBuckResult =
        workspace.runBuckdCommand(context, ""query"", ""deps(//Apps:TestAppsLibrary)"");
    runBuckResult.assertSuccess();
    assertThat(
        runBuckResult.getStdout(),
        Matchers.containsString(
            ""//Apps:TestAppsLibrary\n""
                + ""//Libraries/Dep1:Dep1_1\n""
                + ""//Libraries/Dep1:Dep1_2\n""
                + ""bar//Dep2:Dep2""));

    // Save the parser cache to a file.
    NamedTemporaryFile tempFile = new NamedTemporaryFile(""parser_data"", null);
    runBuckResult =
        workspace.runBuckdCommand(context, ""parser-cache"", ""--save"", tempFile.get().toString());
    runBuckResult.assertSuccess();

    // Write an empty content to Apps/BUCK.
    Path path = tmp.getRoot().resolve(""Apps/BUCK"");
    byte[] data = {};
    Files.write(path, data);

    // Write an empty content to Apps/BUCK.
    Path invalidationJsonPath = tmp.getRoot().resolve(""invalidation-data.json"");
    String jsonData = ""[{\""path\"":\""Apps/BUCK\"",\""status\"":\""M\""}]"";
    Files.write(invalidationJsonPath, jsonData.getBytes(StandardCharsets.UTF_8));

    context = new TestContext();
    // Load the parser cache to a new buckd context.
    runBuckResult =
        workspace.runBuckdCommand(
            context,",0,CVE-2018-6331,CWE-502,facebook/buck,8c5500981812564877bd122c0f8fab48d3528ddf,java
"

    public BeanDeserializerFactory(DeserializerFactoryConfig config) {
        super(config);
    }
    
    /**
     * Method used by module registration functionality, to construct a new bean
     * deserializer factory
     * with different configuration settings.
     */
    @Override
    public DeserializerFactory withConfig(DeserializerFactoryConfig config)
    {
        if (_factoryConfig == config) {
            return this;
        }
        /* 22-Nov-2010, tatu: Handling of subtypes is tricky if we do immutable-with-copy-ctor;
         *    and we pretty much have to here either choose between losing subtype instance
         *    when registering additional deserializers, or losing deserializers.
         *    Instead, let's actually just throw an error if this method is called when subtype
         *    has not properly overridden this method; this to indicate problem as soon as possible.
         */
        if (getClass() != BeanDeserializerFactory.class) {
            throw new IllegalStateException(""Subtype of BeanDeserializerFactory (""+getClass().getName()
                    +"") has not properly overridden method 'withAdditionalDeserializers': can not instantiate subtype with ""
                    +""additional deserializer definitions"");
        }
        return new BeanDeserializerFactory(config);
    }
    
    /*
    /**********************************************************
    /* DeserializerFactory API implementation
    /**********************************************************
     */

    /**
     * Method that {@link DeserializerCache}s call to create a new
     * deserializer for types other than Collections, Maps, arrays and",0,CVE-2018-14718,CWE-502,FasterXML/jackson-databind,87d29af25e82a249ea15858e2d4ecbf64091db44,java
"
    public DeserializerFactory withConfig(DeserializerFactoryConfig config)
    {
        if (_factoryConfig == config) {
            return this;
        }
        /* 22-Nov-2010, tatu: Handling of subtypes is tricky if we do immutable-with-copy-ctor;
         *    and we pretty much have to here either choose between losing subtype instance
         *    when registering additional deserializers, or losing deserializers.
         *    Instead, let's actually just throw an error if this method is called when subtype
         *    has not properly overridden this method; this to indicate problem as soon as possible.
         */
        if (getClass() != BeanDeserializerFactory.class) {
            throw new IllegalStateException(""Subtype of BeanDeserializerFactory (""+getClass().getName()
                    +"") has not properly overridden method 'withAdditionalDeserializers': can not instantiate subtype with ""
                    +""additional deserializer definitions"");
        }
        return new BeanDeserializerFactory(config);
    }
    
    /*
    /**********************************************************
    /* DeserializerFactory API implementation
    /**********************************************************
     */

    /**
     * Method that {@link DeserializerCache}s call to create a new
     * deserializer for types other than Collections, Maps, arrays and
     * enums.
     */
    @Override
    public JsonDeserializer<Object> createBeanDeserializer(DeserializationContext ctxt,
            JavaType type, BeanDescription beanDesc)
        throws JsonMappingException
    {
        final DeserializationConfig config = ctxt.getConfig();
        // We may also have custom overrides:
        JsonDeserializer<Object> custom = _findCustomBeanDeserializer(type, config, beanDesc);
        if (custom != null) {",0,CVE-2018-14718,CWE-502,FasterXML/jackson-databind,87d29af25e82a249ea15858e2d4ecbf64091db44,java
"
    public JsonDeserializer<Object> createBeanDeserializer(DeserializationContext ctxt,
            JavaType type, BeanDescription beanDesc)
        throws JsonMappingException
    {
        final DeserializationConfig config = ctxt.getConfig();
        // We may also have custom overrides:
        JsonDeserializer<Object> custom = _findCustomBeanDeserializer(type, config, beanDesc);
        if (custom != null) {
            return custom;
        }
        /* One more thing to check: do we have an exception type
         * (Throwable or its sub-classes)? If so, need slightly
         * different handling.
         */
        if (type.isThrowable()) {
            return buildThrowableDeserializer(ctxt, type, beanDesc);
        }
        /* Or, for abstract types, may have alternate means for resolution
         * (defaulting, materialization)
         */
        if (type.isAbstract()) {
            // [JACKSON-41] (v1.6): Let's make it possible to materialize abstract types.
            JavaType concreteType = materializeAbstractType(ctxt, type, beanDesc);
            if (concreteType != null) {
                /* important: introspect actual implementation (abstract class or
                 * interface doesn't have constructors, for one)
                 */
                beanDesc = config.introspect(concreteType);
                return buildBeanDeserializer(ctxt, concreteType, beanDesc);
            }
        }

        // Otherwise, may want to check handlers for standard types, from superclass:
        @SuppressWarnings(""unchecked"")
        JsonDeserializer<Object> deser = (JsonDeserializer<Object>) findStdDeserializer(ctxt, type, beanDesc);
        if (deser != null) {
            return deser;
        }
",0,CVE-2018-14718,CWE-502,FasterXML/jackson-databind,87d29af25e82a249ea15858e2d4ecbf64091db44,java
"

	public WebXml getWebXml(FacesContext context) {
		WebXml webXml = WebXml.getInstance(context);
		if (null == webXml) {
			throw new FacesException(
					""Resources framework is not initialised, check web.xml for Filter configuration"");
		}
		return webXml;
	}

	public ResourceBuilderImpl() {
		super();
		_startTime = System.currentTimeMillis();
		codec = new Codec();
		renderers = new HashMap<String, ResourceRenderer>();
		// append known renderers for extentions.
		renderers.put("".gif"", new GifRenderer());
		ResourceRenderer renderer = new JpegRenderer();
		renderers.put("".jpeg"", renderer);
		renderers.put("".jpg"", renderer);
		renderers.put("".png"", new PngRenderer());
		renderers.put("".js"", getScriptRenderer());
		renderers.put("".css"", getStyleRenderer());
		renderers.put("".log"", new LogfileRenderer());
		renderers.put("".html"", new HTMLRenderer());
		renderers.put("".xhtml"", new MimeRenderer(""application/xhtml+xml""));
		renderers.put("".xml"", new MimeRenderer(""text/xml""));
		renderers.put("".xcss"", new TemplateCSSRenderer());
		renderers.put("".swf"", new MimeRenderer(""application/x-shockwave-flash""));
	}

	/**
	 * @throws FacesException
	 */
	protected void registerResources() throws FacesException {
		try {
			ClassLoader loader = Thread.currentThread().getContextClassLoader();
			Enumeration<URL> e = loader
					.getResources(""META-INF/resources-config.xml"");",0,CVE-2013-4521,CWE-502,nuxeo/richfaces,6cbad2a6dcb70d3e33a6ce5879b1a3ad79eb1aec,java
"

	public ResourceBuilderImpl() {
		super();
		_startTime = System.currentTimeMillis();
		codec = new Codec();
		renderers = new HashMap<String, ResourceRenderer>();
		// append known renderers for extentions.
		renderers.put("".gif"", new GifRenderer());
		ResourceRenderer renderer = new JpegRenderer();
		renderers.put("".jpeg"", renderer);
		renderers.put("".jpg"", renderer);
		renderers.put("".png"", new PngRenderer());
		renderers.put("".js"", getScriptRenderer());
		renderers.put("".css"", getStyleRenderer());
		renderers.put("".log"", new LogfileRenderer());
		renderers.put("".html"", new HTMLRenderer());
		renderers.put("".xhtml"", new MimeRenderer(""application/xhtml+xml""));
		renderers.put("".xml"", new MimeRenderer(""text/xml""));
		renderers.put("".xcss"", new TemplateCSSRenderer());
		renderers.put("".swf"", new MimeRenderer(""application/x-shockwave-flash""));
	}

	/**
	 * @throws FacesException
	 */
	protected void registerResources() throws FacesException {
		try {
			ClassLoader loader = Thread.currentThread().getContextClassLoader();
			Enumeration<URL> e = loader
					.getResources(""META-INF/resources-config.xml"");
			while (e.hasMoreElements()) {
				URL resource = e.nextElement();
				registerConfig(resource);
			}
		} catch (IOException e) {
			throw new FacesException(e);
		}
	}
",0,CVE-2013-4521,CWE-502,nuxeo/richfaces,6cbad2a6dcb70d3e33a6ce5879b1a3ad79eb1aec,java
"
	protected void registerResources() throws FacesException {
		try {
			ClassLoader loader = Thread.currentThread().getContextClassLoader();
			Enumeration<URL> e = loader
					.getResources(""META-INF/resources-config.xml"");
			while (e.hasMoreElements()) {
				URL resource = e.nextElement();
				registerConfig(resource);
			}
		} catch (IOException e) {
			throw new FacesException(e);
		}
	}

	private void registerConfig(URL resourceConfig) {
		try {
			if (log.isDebugEnabled()) {
				log.debug(""Process resources configuration file ""
						+ resourceConfig.toExternalForm());
			}

			InputStream in = URLToStreamHelper.urlToStream(resourceConfig);
			try {
				Digester digester = new Digester();
				digester.setValidating(false);
				digester.setEntityResolver(new EntityResolver() {
					// Dummi resolver - alvays do nothing
					public InputSource resolveEntity(String publicId,
							String systemId) throws SAXException, IOException {
						return new InputSource(new StringReader(""""));
					}
				});
				digester.setNamespaceAware(false);
				digester.setUseContextClassLoader(true);
				digester.push(this);
				digester.addObjectCreate(""resource-config/resource"", ""class"",
						JarResource.class);
				digester.addObjectCreate(""resource-config/resource/renderer"",
						""class"", HTMLRenderer.class);",0,CVE-2013-4521,CWE-502,nuxeo/richfaces,6cbad2a6dcb70d3e33a6ce5879b1a3ad79eb1aec,java
"
	public UserResource(boolean cacheable, boolean session, String mime) {
		super();		
		setCacheable(cacheable);
		setSessionAware(session);
		setContentType(mime);
	}
	/**
	 * @return Returns the contentType.
	 */
	public String getContentType(ResourceContext resourceContext) {
		return contentType;
	}
	/**
	 * @param contentType The contentType to set.
	 */
	public void setContentType(String contentType) {
		this.contentType = contentType;
	}
	/* (non-Javadoc)
	 * @see org.ajax4jsf.resource.InternetResourceBase#getDataToStore(javax.faces.context.FacesContext, java.lang.Object)
	 */
	public Object getDataToStore(FacesContext context, Object data) {
		UriData dataToStore = null;
		if (data instanceof ResourceComponent2) {
			ResourceComponent2 resource = (ResourceComponent2) data;
			dataToStore = new UriData();
			dataToStore.value = resource.getValue();
			dataToStore.createContent = UIComponentBase.saveAttachedState(context,resource.getCreateContentExpression());
			if (data instanceof UIComponent) {
				UIComponent component = (UIComponent) data;
				ValueExpression expires = component.getValueExpression(""expires"");
				if (null != expires) {
					dataToStore.expires = UIComponentBase.saveAttachedState(context,expires);
				}
				ValueExpression lastModified = component.getValueExpression(""lastModified"");
				if (null != lastModified) {
					dataToStore.modified = UIComponentBase.saveAttachedState(context,lastModified);
				}
			}",0,CVE-2013-4521,CWE-502,nuxeo/richfaces,6cbad2a6dcb70d3e33a6ce5879b1a3ad79eb1aec,java
"
	public String getContentType(ResourceContext resourceContext) {
		return contentType;
	}
	/**
	 * @param contentType The contentType to set.
	 */
	public void setContentType(String contentType) {
		this.contentType = contentType;
	}
	/* (non-Javadoc)
	 * @see org.ajax4jsf.resource.InternetResourceBase#getDataToStore(javax.faces.context.FacesContext, java.lang.Object)
	 */
	public Object getDataToStore(FacesContext context, Object data) {
		UriData dataToStore = null;
		if (data instanceof ResourceComponent2) {
			ResourceComponent2 resource = (ResourceComponent2) data;
			dataToStore = new UriData();
			dataToStore.value = resource.getValue();
			dataToStore.createContent = UIComponentBase.saveAttachedState(context,resource.getCreateContentExpression());
			if (data instanceof UIComponent) {
				UIComponent component = (UIComponent) data;
				ValueExpression expires = component.getValueExpression(""expires"");
				if (null != expires) {
					dataToStore.expires = UIComponentBase.saveAttachedState(context,expires);
				}
				ValueExpression lastModified = component.getValueExpression(""lastModified"");
				if (null != lastModified) {
					dataToStore.modified = UIComponentBase.saveAttachedState(context,lastModified);
				}
			}
		}
		return dataToStore;
	}
	/* (non-Javadoc)
	 * @see org.ajax4jsf.resource.InternetResourceBase#send(org.ajax4jsf.resource.ResourceContext)
	 */
	public void send(ResourceContext context) throws IOException {
		UriData data = (UriData) restoreData(context);
		FacesContext facesContext = FacesContext.getCurrentInstance();",0,CVE-2013-4521,CWE-502,nuxeo/richfaces,6cbad2a6dcb70d3e33a6ce5879b1a3ad79eb1aec,java
"
	public void setContentType(String contentType) {
		this.contentType = contentType;
	}
	/* (non-Javadoc)
	 * @see org.ajax4jsf.resource.InternetResourceBase#getDataToStore(javax.faces.context.FacesContext, java.lang.Object)
	 */
	public Object getDataToStore(FacesContext context, Object data) {
		UriData dataToStore = null;
		if (data instanceof ResourceComponent2) {
			ResourceComponent2 resource = (ResourceComponent2) data;
			dataToStore = new UriData();
			dataToStore.value = resource.getValue();
			dataToStore.createContent = UIComponentBase.saveAttachedState(context,resource.getCreateContentExpression());
			if (data instanceof UIComponent) {
				UIComponent component = (UIComponent) data;
				ValueExpression expires = component.getValueExpression(""expires"");
				if (null != expires) {
					dataToStore.expires = UIComponentBase.saveAttachedState(context,expires);
				}
				ValueExpression lastModified = component.getValueExpression(""lastModified"");
				if (null != lastModified) {
					dataToStore.modified = UIComponentBase.saveAttachedState(context,lastModified);
				}
			}
		}
		return dataToStore;
	}
	/* (non-Javadoc)
	 * @see org.ajax4jsf.resource.InternetResourceBase#send(org.ajax4jsf.resource.ResourceContext)
	 */
	public void send(ResourceContext context) throws IOException {
		UriData data = (UriData) restoreData(context);
		FacesContext facesContext = FacesContext.getCurrentInstance();
		if (null != data && null != facesContext ) {
			// Send headers
			ELContext elContext = facesContext.getELContext();
//			if(data.expires != null){
//				ValueExpression binding = (ValueExpression) UIComponentBase.restoreAttachedState(facesContext,data.expires);
//				Date expires = (Date) binding.getValue(elContext);",0,CVE-2013-4521,CWE-502,nuxeo/richfaces,6cbad2a6dcb70d3e33a6ce5879b1a3ad79eb1aec,java
"
	public MediaData() {
	}
	public Color getBackground() {
		return Background;
	}
	public void setBackground(Color background) {
		Background = background;
	}
	public Color getDrawColor() {
		return DrawColor;
	}
	public void setDrawColor(Color drawColor) {
		DrawColor = drawColor;
	}
	public Integer getHeight() {
		return Height;
	}
	public void setHeight(Integer height) {
		Height = height;
	}
	public Integer getWidth() {
		return Width;
	}
	public void setWidth(Integer width) {
		Width = width;
	}
}",0,CVE-2013-4521,CWE-502,nuxeo/richfaces,6cbad2a6dcb70d3e33a6ce5879b1a3ad79eb1aec,java
"
	public Color getBackground() {
		return Background;
	}
	public void setBackground(Color background) {
		Background = background;
	}
	public Color getDrawColor() {
		return DrawColor;
	}
	public void setDrawColor(Color drawColor) {
		DrawColor = drawColor;
	}
	public Integer getHeight() {
		return Height;
	}
	public void setHeight(Integer height) {
		Height = height;
	}
	public Integer getWidth() {
		return Width;
	}
	public void setWidth(Integer width) {
		Width = width;
	}
}",0,CVE-2013-4521,CWE-502,nuxeo/richfaces,6cbad2a6dcb70d3e33a6ce5879b1a3ad79eb1aec,java
"
	public void setBackground(Color background) {
		Background = background;
	}
	public Color getDrawColor() {
		return DrawColor;
	}
	public void setDrawColor(Color drawColor) {
		DrawColor = drawColor;
	}
	public Integer getHeight() {
		return Height;
	}
	public void setHeight(Integer height) {
		Height = height;
	}
	public Integer getWidth() {
		return Width;
	}
	public void setWidth(Integer width) {
		Width = width;
	}
}",0,CVE-2013-4521,CWE-502,nuxeo/richfaces,6cbad2a6dcb70d3e33a6ce5879b1a3ad79eb1aec,java
"


	public Integer getColor() {
		return color;
	}
	public void setColor(Integer color) {
		this.color = color;
	}
	public float getScale() {
		return scale;
	}
	public void setScale(float scale) {
		this.scale = scale;
	}

	public String getText() {
		return text;
	}
	public void setText(String text) {
		this.text = text;
	}
}",0,CVE-2013-4521,CWE-502,nuxeo/richfaces,6cbad2a6dcb70d3e33a6ce5879b1a3ad79eb1aec,java
"
	public void setColor(Integer color) {
		this.color = color;
	}
	public float getScale() {
		return scale;
	}
	public void setScale(float scale) {
		this.scale = scale;
	}

	public String getText() {
		return text;
	}
	public void setText(String text) {
		this.text = text;
	}
}",0,CVE-2013-4521,CWE-502,nuxeo/richfaces,6cbad2a6dcb70d3e33a6ce5879b1a3ad79eb1aec,java
"
	public float getScale() {
		return scale;
	}
	public void setScale(float scale) {
		this.scale = scale;
	}

	public String getText() {
		return text;
	}
	public void setText(String text) {
		this.text = text;
	}
}",0,CVE-2013-4521,CWE-502,nuxeo/richfaces,6cbad2a6dcb70d3e33a6ce5879b1a3ad79eb1aec,java
"
	public ResourceRenderer getRenderer() {
		return _renderers[0];
	}

	public ResourceRenderer getRenderer(ResourceContext context) {
		ImageData data = null;
		
		if (context != null) {
			data = (ImageData) restoreData(context);
		}
		
		ImageRenderer renderer = _renderers[null==data?0:data._format];
		return renderer;
	}
	/* (non-Javadoc)
	 * @see org.ajax4jsf.resource.InternetResourceBase#isCacheable()
	 */
	public boolean isCacheable() {
		return false;
	}
	
	public boolean isCacheable(ResourceContext resourceContext) {
		ImageData data = (ImageData) restoreData(resourceContext);
		return data.cacheable;
	}

	/* (non-Javadoc)
	 * @see org.ajax4jsf.resource.InternetResourceBase#requireFacesContext()
	 */
	public boolean requireFacesContext() {
		// work in context
		return true;
	}

	
	/* (non-Javadoc)
	 * @see org.ajax4jsf.resource.InternetResourceBase#getDataToStore(javax.faces.context.FacesContext, java.lang.Object)
	 */
	protected Object getDataToStore(FacesContext context, Object data) {",0,CVE-2013-4521,CWE-502,nuxeo/richfaces,6cbad2a6dcb70d3e33a6ce5879b1a3ad79eb1aec,java
"

	public ResourceRenderer getRenderer(ResourceContext context) {
		ImageData data = null;
		
		if (context != null) {
			data = (ImageData) restoreData(context);
		}
		
		ImageRenderer renderer = _renderers[null==data?0:data._format];
		return renderer;
	}
	/* (non-Javadoc)
	 * @see org.ajax4jsf.resource.InternetResourceBase#isCacheable()
	 */
	public boolean isCacheable() {
		return false;
	}
	
	public boolean isCacheable(ResourceContext resourceContext) {
		ImageData data = (ImageData) restoreData(resourceContext);
		return data.cacheable;
	}

	/* (non-Javadoc)
	 * @see org.ajax4jsf.resource.InternetResourceBase#requireFacesContext()
	 */
	public boolean requireFacesContext() {
		// work in context
		return true;
	}

	
	/* (non-Javadoc)
	 * @see org.ajax4jsf.resource.InternetResourceBase#getDataToStore(javax.faces.context.FacesContext, java.lang.Object)
	 */
	protected Object getDataToStore(FacesContext context, Object data) {
		if (data instanceof UIPaint2D) {
			UIPaint2D paint2D = (UIPaint2D) data;
			ImageData dataToStore = new ImageData();",0,CVE-2013-4521,CWE-502,nuxeo/richfaces,6cbad2a6dcb70d3e33a6ce5879b1a3ad79eb1aec,java
"
	public boolean isCacheable() {
		return false;
	}
	
	public boolean isCacheable(ResourceContext resourceContext) {
		ImageData data = (ImageData) restoreData(resourceContext);
		return data.cacheable;
	}

	/* (non-Javadoc)
	 * @see org.ajax4jsf.resource.InternetResourceBase#requireFacesContext()
	 */
	public boolean requireFacesContext() {
		// work in context
		return true;
	}

	
	/* (non-Javadoc)
	 * @see org.ajax4jsf.resource.InternetResourceBase#getDataToStore(javax.faces.context.FacesContext, java.lang.Object)
	 */
	protected Object getDataToStore(FacesContext context, Object data) {
		if (data instanceof UIPaint2D) {
			UIPaint2D paint2D = (UIPaint2D) data;
			ImageData dataToStore = new ImageData();
			dataToStore._width = paint2D.getWidth();
			dataToStore._height = paint2D.getHeight();
			dataToStore._data = paint2D.getData();
			
			dataToStore._paint = UIComponentBase.saveAttachedState(context, paint2D.getPaint());
			String format = paint2D.getFormat();
			if(""jpeg"".equalsIgnoreCase(format)) {
				dataToStore._format = 1;
			} else if(""png"".equalsIgnoreCase(format)) {
				dataToStore._format = 2;
			}
			
			String bgColor = paint2D.getBgcolor();
			try {",0,CVE-2013-4521,CWE-502,nuxeo/richfaces,6cbad2a6dcb70d3e33a6ce5879b1a3ad79eb1aec,java
"
	public static JsonParser create() {
		return new JsonParser();
	}

	/**
	 * Creates a lazy implementation of the JSON parser.
	 */
	public static JsonParser createLazyOne() {
		return new JsonParser().lazy(true);
	}

	private static final char[] T_RUE = new char[] {'r', 'u', 'e'};
	private static final char[] F_ALSE = new char[] {'a', 'l', 's', 'e'};
	private static final char[] N_ULL = new char[] {'u', 'l', 'l'};

	/**
	 * Map keys.
	 */
	public static final String KEYS = ""keys"";
	/**
	 * Array or map values.
	 */
	public static final String VALUES = ""values"";

	protected int ndx = 0;
	protected char[] input;
	protected int total;
	protected Path path;
	protected boolean useAltPaths = Defaults.useAltPathsByParser;
	protected boolean lazy = Defaults.lazy;
	protected boolean looseMode = Defaults.loose;
	protected Class rootType;
	protected MapToBean mapToBean;
	private boolean notFirstObject = false;

	private final JsonAnnotationManager jsonAnnotationManager;

	public JsonParser() {
		this.text = new char[512];",0,CVE-2018-21234,CWE-502,oblac/jodd,9bffc3913aeb8472c11bb543243004b4b4376f16,java
"
	public static JsonParser createLazyOne() {
		return new JsonParser().lazy(true);
	}

	private static final char[] T_RUE = new char[] {'r', 'u', 'e'};
	private static final char[] F_ALSE = new char[] {'a', 'l', 's', 'e'};
	private static final char[] N_ULL = new char[] {'u', 'l', 'l'};

	/**
	 * Map keys.
	 */
	public static final String KEYS = ""keys"";
	/**
	 * Array or map values.
	 */
	public static final String VALUES = ""values"";

	protected int ndx = 0;
	protected char[] input;
	protected int total;
	protected Path path;
	protected boolean useAltPaths = Defaults.useAltPathsByParser;
	protected boolean lazy = Defaults.lazy;
	protected boolean looseMode = Defaults.loose;
	protected Class rootType;
	protected MapToBean mapToBean;
	private boolean notFirstObject = false;

	private final JsonAnnotationManager jsonAnnotationManager;

	public JsonParser() {
		this.text = new char[512];
		this.jsonAnnotationManager = JsonAnnotationManager.get();
	}

	/**
	 * Resets JSON parser, so it can be reused.
	 */
	protected void reset() {",0,CVE-2018-21234,CWE-502,oblac/jodd,9bffc3913aeb8472c11bb543243004b4b4376f16,java
"

	public JsonParser() {
		this.text = new char[512];
		this.jsonAnnotationManager = JsonAnnotationManager.get();
	}

	/**
	 * Resets JSON parser, so it can be reused.
	 */
	protected void reset() {
		this.ndx = 0;
		this.textLen = 0;
		this.path = new Path();
		if (useAltPaths) {
			path.altPath = new Path();
		}

		if (classMetadataName != null) {
			mapToBean = createMapToBean(classMetadataName);
		}
	}

	/**
	 * Enables usage of additional paths.
	 */
	public JsonParser useAltPaths() {
		this.useAltPaths = true;
		return this;
	}

	/**
	 * Enables 'loose' mode for parsing. When 'loose' mode is enabled,
	 * JSON parsers swallows also invalid JSONs:
	 * <ul>
	 *     <li>invalid escape character sequence is simply added to the output</li>
	 *     <li>strings can be quoted with single-quotes</li>
	 *     <li>strings can be unquoted, but may not contain escapes</li>
	 * </ul>
	 */",0,CVE-2018-21234,CWE-502,oblac/jodd,9bffc3913aeb8472c11bb543243004b4b4376f16,java
"
	protected MapToBean createMapToBean(final String classMetadataName) {
		return new MapToBean(this, classMetadataName);
	}

	// ---------------------------------------------------------------- object tools

	/**
	 * Creates new type for JSON array objects.
	 * It returns a collection.
	 * Later, the collection will be converted into the target type.
	 */
	@SuppressWarnings(""unchecked"")
	protected Collection<Object> newArrayInstance(final Class targetType) {
		if (targetType == null ||
			targetType == List.class ||
			targetType == Collection.class ||
			targetType.isArray()) {

			return listSupplier.get();
		}

		if (targetType == Set.class) {
			return new HashSet<>();
		}

		try {
			return (Collection<Object>) targetType.getDeclaredConstructor().newInstance();
		} catch (Exception e) {
			throw new JsonException(e);
		}
	}

	/**
	 * Creates new object or a <code>HashMap</code> if type is not specified.
	 */
	protected Object newObjectInstance(final Class targetType) {
		if (targetType == null ||
			targetType == Map.class) {
",0,CVE-2018-21234,CWE-502,oblac/jodd,9bffc3913aeb8472c11bb543243004b4b4376f16,java
"
	protected Collection<Object> newArrayInstance(final Class targetType) {
		if (targetType == null ||
			targetType == List.class ||
			targetType == Collection.class ||
			targetType.isArray()) {

			return listSupplier.get();
		}

		if (targetType == Set.class) {
			return new HashSet<>();
		}

		try {
			return (Collection<Object>) targetType.getDeclaredConstructor().newInstance();
		} catch (Exception e) {
			throw new JsonException(e);
		}
	}

	/**
	 * Creates new object or a <code>HashMap</code> if type is not specified.
	 */
	protected Object newObjectInstance(final Class targetType) {
		if (targetType == null ||
			targetType == Map.class) {

			return mapSupplier.get();
		}

		ClassDescriptor cd = ClassIntrospector.get().lookup(targetType);

		CtorDescriptor ctorDescriptor = cd.getDefaultCtorDescriptor(true);
		if (ctorDescriptor == null) {
			throw new JsonException(""Default ctor not found for: "" + targetType.getName());
		}

		try {
//			return ClassUtil.newInstance(targetType);",0,CVE-2018-21234,CWE-502,oblac/jodd,9bffc3913aeb8472c11bb543243004b4b4376f16,java
"
	protected Object newObjectInstance(final Class targetType) {
		if (targetType == null ||
			targetType == Map.class) {

			return mapSupplier.get();
		}

		ClassDescriptor cd = ClassIntrospector.get().lookup(targetType);

		CtorDescriptor ctorDescriptor = cd.getDefaultCtorDescriptor(true);
		if (ctorDescriptor == null) {
			throw new JsonException(""Default ctor not found for: "" + targetType.getName());
		}

		try {
//			return ClassUtil.newInstance(targetType);
			return ctorDescriptor.getConstructor().newInstance();
		} catch (Exception e) {
			throw new JsonException(e);
		}
	}

	/**
	 * Injects value into the targets property.
	 */
	protected void injectValueIntoObject(final Object target, final PropertyDescriptor pd, final Object value) {
		Object convertedValue = value;

		if (value != null) {
			Class targetClass = pd.getType();

			convertedValue = convertType(value, targetClass);
		}

		try {
			Setter setter = pd.getSetter(true);
			if (setter != null) {
				setter.invokeSetter(target, convertedValue);
			}",0,CVE-2018-21234,CWE-502,oblac/jodd,9bffc3913aeb8472c11bb543243004b4b4376f16,java
"

	public MapToBean(final JsonParserBase jsonParser, final String classMetadataName) {
		this.jsonParser = jsonParser;
		this.classMetadataName = classMetadataName;
	}

	/**
	 * Converts map to target type.
	 */
	public Object map2bean(final Map map, Class targetType) {
		Object target = null;

		// create targets type
		String className = (String) map.get(classMetadataName);

		if (className == null) {
			if (targetType == null) {
				// nothing to do, no information about target type found
				target = map;
			}
		}
		else {
			try {
				targetType = ClassLoaderUtil.loadClass(className);
			} catch (ClassNotFoundException cnfex) {
				throw new JsonException(cnfex);
			}
		}

		if (target == null) {
			target = jsonParser.newObjectInstance(targetType);
		}

		ClassDescriptor cd = ClassIntrospector.get().lookup(target.getClass());

		boolean targetIsMap = target instanceof Map;

		for (Object key : map.keySet()) {
			String keyName = key.toString();",0,CVE-2018-21234,CWE-502,oblac/jodd,9bffc3913aeb8472c11bb543243004b4b4376f16,java
"
	public Object map2bean(final Map map, Class targetType) {
		Object target = null;

		// create targets type
		String className = (String) map.get(classMetadataName);

		if (className == null) {
			if (targetType == null) {
				// nothing to do, no information about target type found
				target = map;
			}
		}
		else {
			try {
				targetType = ClassLoaderUtil.loadClass(className);
			} catch (ClassNotFoundException cnfex) {
				throw new JsonException(cnfex);
			}
		}

		if (target == null) {
			target = jsonParser.newObjectInstance(targetType);
		}

		ClassDescriptor cd = ClassIntrospector.get().lookup(target.getClass());

		boolean targetIsMap = target instanceof Map;

		for (Object key : map.keySet()) {
			String keyName = key.toString();

			if (classMetadataName != null) {
				if (keyName.equals(classMetadataName)) {
					continue;
				}
			}

			PropertyDescriptor pd = cd.getPropertyDescriptor(keyName, declared);
",0,CVE-2018-21234,CWE-502,oblac/jodd,9bffc3913aeb8472c11bb543243004b4b4376f16,java
"
				else if (value instanceof Map) {
					// if the value we want to inject is a Map...
					if (!ClassUtil.isTypeOf(propertyType, Map.class)) {
						// ... and if target is NOT a map
						value = map2bean((Map) value, propertyType);
					}
					else {
						// target is also a Map, but we might need to generify it
						Class keyType = pd == null ? null : pd.resolveKeyType(true);

						if (keyType != String.class || componentType != String.class) {
							// generify
							value = generifyMap((Map) value, keyType, componentType);
						}
					}
				}
			}

			if (targetIsMap) {
				((Map)target).put(keyName, value);
			}
			else {
				try {
					setValue(target, pd, value);
				} catch (Exception ignore) {
					ignore.printStackTrace();
				}
			}
		}

		return target;
	}

	/**
	 * Converts type of all list elements to match the component type.
	 */
	private Object generifyList(final List list, final Class componentType) {
		for (int i = 0; i < list.size(); i++) {
			Object element = list.get(i);",0,CVE-2018-21234,CWE-502,oblac/jodd,9bffc3913aeb8472c11bb543243004b4b4376f16,java
"
	void setUp() {
		creator = new DataCreator();
	}

	@AfterEach
	void tearDown() {
		JsonParser.Defaults.classMetadataName = null;
		JsonSerializer.Defaults.classMetadataName = null;
	}

	@Test
	void testDeserializeNoIncludes() {
		JsonParsers.forEachParser(jsonParser -> {
			Person jodder = creator.createJodder();
			String json = new JsonSerializer().serialize(jodder);
			Person jsonJodder = jsonParser.parse(json, Person.class);

			assertNotNull(jsonJodder);

			assertEquals(jodder.getLastname(), jsonJodder.getLastname());
			assertEquals(jodder.getFirstname(), jsonJodder.getFirstname());
			assertEquals(jodder.getBirthdate(), jsonJodder.getBirthdate());

			assertEquals(jodder.getHome().getState(), jsonJodder.getHome().getState());
			assertEquals(jodder.getHome().getStreet(), jsonJodder.getHome().getStreet());
			assertEquals(jodder.getHome().getCity(), jsonJodder.getHome().getCity());

			assertEquals(jodder.getWork().getCity(), jsonJodder.getWork().getCity());

			assertEquals(jsonJodder, jsonJodder.getWork().getPerson());

			assertEquals(0, jsonJodder.getHobbies().size());
		});
	}

	@Test
	void testDeserializeWithPath() {
		JsonParsers.forEachParser(jsonParser -> {
",0,CVE-2018-21234,CWE-502,oblac/jodd,9bffc3913aeb8472c11bb543243004b4b4376f16,java
"
	void tearDown() {
		JsonParser.Defaults.classMetadataName = null;
		JsonSerializer.Defaults.classMetadataName = null;
	}

	@Test
	void testDeserializeNoIncludes() {
		JsonParsers.forEachParser(jsonParser -> {
			Person jodder = creator.createJodder();
			String json = new JsonSerializer().serialize(jodder);
			Person jsonJodder = jsonParser.parse(json, Person.class);

			assertNotNull(jsonJodder);

			assertEquals(jodder.getLastname(), jsonJodder.getLastname());
			assertEquals(jodder.getFirstname(), jsonJodder.getFirstname());
			assertEquals(jodder.getBirthdate(), jsonJodder.getBirthdate());

			assertEquals(jodder.getHome().getState(), jsonJodder.getHome().getState());
			assertEquals(jodder.getHome().getStreet(), jsonJodder.getHome().getStreet());
			assertEquals(jodder.getHome().getCity(), jsonJodder.getHome().getCity());

			assertEquals(jodder.getWork().getCity(), jsonJodder.getWork().getCity());

			assertEquals(jsonJodder, jsonJodder.getWork().getPerson());

			assertEquals(0, jsonJodder.getHobbies().size());
		});
	}

	@Test
	void testDeserializeWithPath() {
		JsonParsers.forEachParser(jsonParser -> {

			Person igor = creator.createJodder();
			Map map = new HashMap();
			map.put(""person"", igor);

			String json = new JsonSerializer().serialize(map);",0,CVE-2018-21234,CWE-502,oblac/jodd,9bffc3913aeb8472c11bb543243004b4b4376f16,java
"
	void testDeserializeNoIncludes() {
		JsonParsers.forEachParser(jsonParser -> {
			Person jodder = creator.createJodder();
			String json = new JsonSerializer().serialize(jodder);
			Person jsonJodder = jsonParser.parse(json, Person.class);

			assertNotNull(jsonJodder);

			assertEquals(jodder.getLastname(), jsonJodder.getLastname());
			assertEquals(jodder.getFirstname(), jsonJodder.getFirstname());
			assertEquals(jodder.getBirthdate(), jsonJodder.getBirthdate());

			assertEquals(jodder.getHome().getState(), jsonJodder.getHome().getState());
			assertEquals(jodder.getHome().getStreet(), jsonJodder.getHome().getStreet());
			assertEquals(jodder.getHome().getCity(), jsonJodder.getHome().getCity());

			assertEquals(jodder.getWork().getCity(), jsonJodder.getWork().getCity());

			assertEquals(jsonJodder, jsonJodder.getWork().getPerson());

			assertEquals(0, jsonJodder.getHobbies().size());
		});
	}

	@Test
	void testDeserializeWithPath() {
		JsonParsers.forEachParser(jsonParser -> {

			Person igor = creator.createJodder();
			Map map = new HashMap();
			map.put(""person"", igor);

			String json = new JsonSerializer().serialize(map);

			map = jsonParser.map(""values"", Person.class).parse(json);
			Person jsonIgor = (Person) map.get(""person"");

			assertNotNull(jsonIgor);
",0,CVE-2018-21234,CWE-502,oblac/jodd,9bffc3913aeb8472c11bb543243004b4b4376f16,java
"
    public KubernetesResource(JobManager jobManager) {
    	this.jobManager = jobManager;
	}
    
	@Path(""/job-context"")
	@Produces(MediaType.APPLICATION_OCTET_STREAM)
    @GET
    public byte[] getJobContext() {
		JobContext context = jobManager.getJobContext(getJobToken(), true);
		Map<String, Object> contextMap = new HashMap<>();
		contextMap.put(""commands"", context.getCommands());
		contextMap.put(""retrieveSource"", context.isRetrieveSource());
		contextMap.put(""cloneDepth"", context.getCloneDepth());
		contextMap.put(""projectName"", context.getProjectName());
		contextMap.put(""cloneInfo"", context.getCloneInfo());
		contextMap.put(""commitHash"", context.getCommitId().name());
		contextMap.put(""collectFiles.includes"", context.getCollectFiles().getIncludes());
		contextMap.put(""collectFiles.excludes"", context.getCollectFiles().getExcludes());
		return SerializationUtils.serialize((Serializable) contextMap);
    }
	
	@Path(""/allocate-job-caches"")
	@Consumes(MediaType.APPLICATION_OCTET_STREAM)
	@Produces(MediaType.APPLICATION_OCTET_STREAM)
    @POST
    public byte[] allocateJobCaches(byte[] cacheAllocationRequestBytes) {
		CacheAllocationRequest allocationRequest = (CacheAllocationRequest) SerializationUtils
				.deserialize(cacheAllocationRequestBytes);
		return SerializationUtils.serialize((Serializable) jobManager.allocateJobCaches(
				getJobToken(), allocationRequest.getCurrentTime(), allocationRequest.getInstances()));
    }
	
	@Path(""/report-job-caches"")
	@Consumes(MediaType.APPLICATION_OCTET_STREAM)
	@POST
	public void reportJobCaches(byte[] cacheInstanceBytes) {
		@SuppressWarnings(""unchecked"")
		Collection<CacheInstance> cacheInstances = (Collection<CacheInstance>) SerializationUtils
				.deserialize(cacheInstanceBytes);",0,CVE-2021-21243,CWE-502,theonedev/onedev,9637fc8fa461c5777282a0021c3deb1e7a48f137,java
"
    public byte[] getJobContext() {
		JobContext context = jobManager.getJobContext(getJobToken(), true);
		Map<String, Object> contextMap = new HashMap<>();
		contextMap.put(""commands"", context.getCommands());
		contextMap.put(""retrieveSource"", context.isRetrieveSource());
		contextMap.put(""cloneDepth"", context.getCloneDepth());
		contextMap.put(""projectName"", context.getProjectName());
		contextMap.put(""cloneInfo"", context.getCloneInfo());
		contextMap.put(""commitHash"", context.getCommitId().name());
		contextMap.put(""collectFiles.includes"", context.getCollectFiles().getIncludes());
		contextMap.put(""collectFiles.excludes"", context.getCollectFiles().getExcludes());
		return SerializationUtils.serialize((Serializable) contextMap);
    }
	
	@Path(""/allocate-job-caches"")
	@Consumes(MediaType.APPLICATION_OCTET_STREAM)
	@Produces(MediaType.APPLICATION_OCTET_STREAM)
    @POST
    public byte[] allocateJobCaches(byte[] cacheAllocationRequestBytes) {
		CacheAllocationRequest allocationRequest = (CacheAllocationRequest) SerializationUtils
				.deserialize(cacheAllocationRequestBytes);
		return SerializationUtils.serialize((Serializable) jobManager.allocateJobCaches(
				getJobToken(), allocationRequest.getCurrentTime(), allocationRequest.getInstances()));
    }
	
	@Path(""/report-job-caches"")
	@Consumes(MediaType.APPLICATION_OCTET_STREAM)
	@POST
	public void reportJobCaches(byte[] cacheInstanceBytes) {
		@SuppressWarnings(""unchecked"")
		Collection<CacheInstance> cacheInstances = (Collection<CacheInstance>) SerializationUtils
				.deserialize(cacheInstanceBytes);
		jobManager.reportJobCaches(getJobToken(), cacheInstances);
	}
	
	@Path(""/download-dependencies"")
	@Produces(MediaType.APPLICATION_OCTET_STREAM)
	@GET
	public Response downloadDependencies() {",0,CVE-2021-21243,CWE-502,theonedev/onedev,9637fc8fa461c5777282a0021c3deb1e7a48f137,java
"
    public byte[] allocateJobCaches(byte[] cacheAllocationRequestBytes) {
		CacheAllocationRequest allocationRequest = (CacheAllocationRequest) SerializationUtils
				.deserialize(cacheAllocationRequestBytes);
		return SerializationUtils.serialize((Serializable) jobManager.allocateJobCaches(
				getJobToken(), allocationRequest.getCurrentTime(), allocationRequest.getInstances()));
    }
	
	@Path(""/report-job-caches"")
	@Consumes(MediaType.APPLICATION_OCTET_STREAM)
	@POST
	public void reportJobCaches(byte[] cacheInstanceBytes) {
		@SuppressWarnings(""unchecked"")
		Collection<CacheInstance> cacheInstances = (Collection<CacheInstance>) SerializationUtils
				.deserialize(cacheInstanceBytes);
		jobManager.reportJobCaches(getJobToken(), cacheInstances);
	}
	
	@Path(""/download-dependencies"")
	@Produces(MediaType.APPLICATION_OCTET_STREAM)
	@GET
	public Response downloadDependencies() {
		StreamingOutput os = new StreamingOutput() {

			@Override
		   public void write(OutputStream output) throws IOException {
				JobContext context = jobManager.getJobContext(getJobToken(), true);
				TarUtils.tar(context.getServerWorkspace(), Lists.newArrayList(""**""), 
						new ArrayList<>(), output);
				output.flush();
		   }				   
		   
		};
		return Response.ok(os).build();
	}
	
	@POST
	@Path(""/upload-outcomes"")
	@Consumes(MediaType.APPLICATION_OCTET_STREAM)	
	public Response uploadOutcomes(InputStream is) {",0,CVE-2021-21243,CWE-502,theonedev/onedev,9637fc8fa461c5777282a0021c3deb1e7a48f137,java
"
    public XStream() {
        this(null, (Mapper)null, new XppDriver());
    }

    /**
     * Constructs an XStream with a special {@link ReflectionProvider}.
     * <p>
     * The instance will use the {@link XppDriver} as default.
     * </p>
     * 
     * @param reflectionProvider the reflection provider to use or <em>null</em> for best matching reflection provider
     * @throws InitializationException in case of an initialization problem
     */
    public XStream(ReflectionProvider reflectionProvider) {
        this(reflectionProvider, (Mapper)null, new XppDriver());
    }

    /**
     * Constructs an XStream with a special {@link HierarchicalStreamDriver}.
     * <p>
     * The instance will tries to determine the best match for the {@link ReflectionProvider} on its own.
     * </p>
     *
     * @param hierarchicalStreamDriver the driver instance
     * @throws InitializationException in case of an initialization problem
     */
    public XStream(HierarchicalStreamDriver hierarchicalStreamDriver) {
        this(null, (Mapper)null, hierarchicalStreamDriver);
    }

    /**
     * Constructs an XStream with a special {@link HierarchicalStreamDriver} and {@link ReflectionProvider}.
     * 
     * @param reflectionProvider the reflection provider to use or <em>null</em> for best matching Provider
     * @param hierarchicalStreamDriver the driver instance
     * @throws InitializationException in case of an initialization problem
     */
    public XStream(ReflectionProvider reflectionProvider, HierarchicalStreamDriver hierarchicalStreamDriver) {
        this(reflectionProvider, (Mapper)null, hierarchicalStreamDriver);",0,CVE-2021-29505,CWE-502,x-stream/xstream,f0c4a8d861b68ffc3119cfbbbd632deee624e227,java
"
    public XStream(ReflectionProvider reflectionProvider) {
        this(reflectionProvider, (Mapper)null, new XppDriver());
    }

    /**
     * Constructs an XStream with a special {@link HierarchicalStreamDriver}.
     * <p>
     * The instance will tries to determine the best match for the {@link ReflectionProvider} on its own.
     * </p>
     *
     * @param hierarchicalStreamDriver the driver instance
     * @throws InitializationException in case of an initialization problem
     */
    public XStream(HierarchicalStreamDriver hierarchicalStreamDriver) {
        this(null, (Mapper)null, hierarchicalStreamDriver);
    }

    /**
     * Constructs an XStream with a special {@link HierarchicalStreamDriver} and {@link ReflectionProvider}.
     * 
     * @param reflectionProvider the reflection provider to use or <em>null</em> for best matching Provider
     * @param hierarchicalStreamDriver the driver instance
     * @throws InitializationException in case of an initialization problem
     */
    public XStream(ReflectionProvider reflectionProvider, HierarchicalStreamDriver hierarchicalStreamDriver) {
        this(reflectionProvider, (Mapper)null, hierarchicalStreamDriver);
    }

    /**
     * Constructs an XStream with a special {@link HierarchicalStreamDriver}, {@link ReflectionProvider} and a prepared
     * {@link Mapper} chain.
     * 
     * @param reflectionProvider the reflection provider to use or <em>null</em> for best matching Provider
     * @param mapper the instance with the {@link Mapper} chain or <em>null</em> for the default chain
     * @param driver the driver instance
     * @throws InitializationException in case of an initialization problem
     * @deprecated As of 1.3, use {@link #XStream(ReflectionProvider, HierarchicalStreamDriver, ClassLoader, Mapper)}
     *             instead
     */",0,CVE-2021-29505,CWE-502,x-stream/xstream,f0c4a8d861b68ffc3119cfbbbd632deee624e227,java
"
    public XStream(HierarchicalStreamDriver hierarchicalStreamDriver) {
        this(null, (Mapper)null, hierarchicalStreamDriver);
    }

    /**
     * Constructs an XStream with a special {@link HierarchicalStreamDriver} and {@link ReflectionProvider}.
     * 
     * @param reflectionProvider the reflection provider to use or <em>null</em> for best matching Provider
     * @param hierarchicalStreamDriver the driver instance
     * @throws InitializationException in case of an initialization problem
     */
    public XStream(ReflectionProvider reflectionProvider, HierarchicalStreamDriver hierarchicalStreamDriver) {
        this(reflectionProvider, (Mapper)null, hierarchicalStreamDriver);
    }

    /**
     * Constructs an XStream with a special {@link HierarchicalStreamDriver}, {@link ReflectionProvider} and a prepared
     * {@link Mapper} chain.
     * 
     * @param reflectionProvider the reflection provider to use or <em>null</em> for best matching Provider
     * @param mapper the instance with the {@link Mapper} chain or <em>null</em> for the default chain
     * @param driver the driver instance
     * @throws InitializationException in case of an initialization problem
     * @deprecated As of 1.3, use {@link #XStream(ReflectionProvider, HierarchicalStreamDriver, ClassLoader, Mapper)}
     *             instead
     */
    public XStream(ReflectionProvider reflectionProvider, Mapper mapper, HierarchicalStreamDriver driver) {
        this(reflectionProvider, driver, new CompositeClassLoader(), mapper);
    }

    /**
     * Constructs an XStream with a special {@link HierarchicalStreamDriver}, {@link ReflectionProvider} and a
     * {@link ClassLoaderReference}.
     * 
     * @param reflectionProvider the reflection provider to use or <em>null</em> for best matching Provider
     * @param driver the driver instance
     * @param classLoaderReference the reference to the {@link ClassLoader} to use
     * @throws InitializationException in case of an init",0,CVE-2021-29505,CWE-502,x-stream/xstream,f0c4a8d861b68ffc3119cfbbbd632deee624e227,java
"

    public ScriptPluginProviderLoader(final File file, final File cachedir) {
        this.file = file;
        this.cachedir = cachedir;
    }

    @Override
    public boolean canLoadForService(final FrameworkSupportService service) {
        return service instanceof ScriptPluginProviderLoadable;
    }

    private PluginResourceLoader getResourceLoader() throws PluginException {
        if (null == resourceLoader) {
            synchronized (this) {
                if (null == resourceLoader) {
                    try {
                        ZipResourceLoader loader = new ZipResourceLoader(
                                new File(getFileCacheDir(), ""resources""),
                                file,
                                getPluginResourcesList(),
                                getFileBasename() + ""/"" + getResourcesBasePath()
                        );
                        loader.extractResources();
                        this.resourceLoader = loader;
                    } catch (IOException e) {
                        throw new PluginException(""Unable to expand plugin libs: "" + e.getMessage(), e);
                    }
                }
            }
        }
        return resourceLoader;
    }

    @Override
    public List<String> listResources() throws PluginException, IOException {
        if (supportsResources(getPluginMeta())) {
            return getResourceLoader().listResources();
        }
        return null;",0,CVE-2021-39132,CWE-502,rundeck/rundeck,850d12e21d22833bc148b7f458d7cb5949f829b6,java
"
    public boolean canLoadForService(final FrameworkSupportService service) {
        return service instanceof ScriptPluginProviderLoadable;
    }

    private PluginResourceLoader getResourceLoader() throws PluginException {
        if (null == resourceLoader) {
            synchronized (this) {
                if (null == resourceLoader) {
                    try {
                        ZipResourceLoader loader = new ZipResourceLoader(
                                new File(getFileCacheDir(), ""resources""),
                                file,
                                getPluginResourcesList(),
                                getFileBasename() + ""/"" + getResourcesBasePath()
                        );
                        loader.extractResources();
                        this.resourceLoader = loader;
                    } catch (IOException e) {
                        throw new PluginException(""Unable to expand plugin libs: "" + e.getMessage(), e);
                    }
                }
            }
        }
        return resourceLoader;
    }

    @Override
    public List<String> listResources() throws PluginException, IOException {
        if (supportsResources(getPluginMeta())) {
            return getResourceLoader().listResources();
        }
        return null;
    }

    @Override
    public InputStream openResourceStreamFor(final String name) throws PluginException, IOException {
        if (supportsResources(getPluginMeta())) {
            return getResourceLoader().openResourceStreamFor(name);
        }",0,CVE-2021-39132,CWE-502,rundeck/rundeck,850d12e21d22833bc148b7f458d7cb5949f829b6,java
"

    private PluginResourceLoader getResourceLoader() throws PluginException {
        if (null == resourceLoader) {
            synchronized (this) {
                if (null == resourceLoader) {
                    try {
                        ZipResourceLoader loader = new ZipResourceLoader(
                                new File(getFileCacheDir(), ""resources""),
                                file,
                                getPluginResourcesList(),
                                getFileBasename() + ""/"" + getResourcesBasePath()
                        );
                        loader.extractResources();
                        this.resourceLoader = loader;
                    } catch (IOException e) {
                        throw new PluginException(""Unable to expand plugin libs: "" + e.getMessage(), e);
                    }
                }
            }
        }
        return resourceLoader;
    }

    @Override
    public List<String> listResources() throws PluginException, IOException {
        if (supportsResources(getPluginMeta())) {
            return getResourceLoader().listResources();
        }
        return null;
    }

    @Override
    public InputStream openResourceStreamFor(final String name) throws PluginException, IOException {
        if (supportsResources(getPluginMeta())) {
            return getResourceLoader().openResourceStreamFor(name);
        }
        return null;
    }
",0,CVE-2021-39132,CWE-502,rundeck/rundeck,850d12e21d22833bc148b7f458d7cb5949f829b6,java
"
    public boolean isPacked(File workflowFile) throws IOException {
        if (workflowFile.length() > singleFileSizeLimit) {
            return false;
        }
        String fileContent = readFileToString(workflowFile);
        return fileContent.contains(""$graph"");
    }

    /**
     * Gets a list of workflows from a packed CWL file
     * @param packedFile The packed CWL file
     * @return The list of workflow overviews
     */
    public List<WorkflowOverview> getWorkflowOverviewsFromPacked(File packedFile) throws IOException {
        if (packedFile.length() <= singleFileSizeLimit) {
            List<WorkflowOverview> overviews = new ArrayList<>();

            JsonNode packedJson = yamlPathToJson(packedFile.toPath());

            if (packedJson.has(DOC_GRAPH)) {
                for (JsonNode jsonNode : packedJson.get(DOC_GRAPH)) {
                    if (extractProcess(jsonNode) == CWLProcess.WORKFLOW) {
                        WorkflowOverview overview = new WorkflowOverview(jsonNode.get(ID).asText(),
                                extractLabel(jsonNode), extractDoc(jsonNode));
                        overviews.add(overview);
                    }
                }
            } else {
                throw new IOException(""The file given was not recognised as a packed CWL file"");
            }

            return overviews;

        } else {
            throw new IOException(""File '"" + packedFile.getName() +  ""' is over singleFileSizeLimit - "" +
                    FileUtils.byteCountToDisplaySize(packedFile.length()) + ""/"" +
                    FileUtils.byteCountToDisplaySize(singleFileSizeLimit));
        }
    }",0,CVE-2021-41110,CWE-502,common-workflow-language/cwlviewer,f6066f09edb70033a2ce80200e9fa9e70a5c29de,java
"
    public List<WorkflowOverview> getWorkflowOverviewsFromPacked(File packedFile) throws IOException {
        if (packedFile.length() <= singleFileSizeLimit) {
            List<WorkflowOverview> overviews = new ArrayList<>();

            JsonNode packedJson = yamlPathToJson(packedFile.toPath());

            if (packedJson.has(DOC_GRAPH)) {
                for (JsonNode jsonNode : packedJson.get(DOC_GRAPH)) {
                    if (extractProcess(jsonNode) == CWLProcess.WORKFLOW) {
                        WorkflowOverview overview = new WorkflowOverview(jsonNode.get(ID).asText(),
                                extractLabel(jsonNode), extractDoc(jsonNode));
                        overviews.add(overview);
                    }
                }
            } else {
                throw new IOException(""The file given was not recognised as a packed CWL file"");
            }

            return overviews;

        } else {
            throw new IOException(""File '"" + packedFile.getName() +  ""' is over singleFileSizeLimit - "" +
                    FileUtils.byteCountToDisplaySize(packedFile.length()) + ""/"" +
                    FileUtils.byteCountToDisplaySize(singleFileSizeLimit));
        }
    }

    /**
     * Gets the Workflow object from internal parsing. 
     * Note, the length of the stream is not checked.
     *  
     * @param workflowStream The workflow stream to be parsed
     * @param packedWorkflowId The ID of the workflow object if the file is packed. <code>null</code> means the workflow is not expected to be packed, while """" means the first workflow found is used, packed or non-packed.
     * @param defaultLabel Label to give workflow if not set
     * @return The constructed workflow object
     */
    public Workflow parseWorkflowNative(InputStream workflowStream, String packedWorkflowId, String defaultLabel) throws IOException {
        // Parse file as yaml
        JsonNode cwlFile = yamlStreamToJson(workflowStream);",0,CVE-2021-41110,CWE-502,common-workflow-language/cwlviewer,f6066f09edb70033a2ce80200e9fa9e70a5c29de,java
"
    public Workflow parseWorkflowNative(InputStream workflowStream, String packedWorkflowId, String defaultLabel) throws IOException {
        // Parse file as yaml
        JsonNode cwlFile = yamlStreamToJson(workflowStream);

        // Check packed workflow occurs
        boolean found = false;
        if (packedWorkflowId != null) {
            if (cwlFile.has(DOC_GRAPH)) {
                for (JsonNode jsonNode : cwlFile.get(DOC_GRAPH)) {
                    if (extractProcess(jsonNode) == CWLProcess.WORKFLOW) {
                        String currentId = jsonNode.get(ID).asText();
                        if (currentId.startsWith(""#"")) {
                            currentId = currentId.substring(1);
                        }
                        if (packedWorkflowId.isEmpty() || currentId.equals(packedWorkflowId)) {
                            cwlFile = jsonNode;
                            found = true;
                            break;
                        }
                    }
                }
            }
            if (!found && ! packedWorkflowId.isEmpty()) throw new WorkflowNotFoundException();
        }
        if (! found && extractProcess(cwlFile) == CWLProcess.WORKFLOW) {
        	// Check the current json node is a workflow
        	found = true;
        }
        if (! found) {
            throw new WorkflowNotFoundException();
        }

        // Use filename for label if there is no defined one
        String label = extractLabel(cwlFile);
        if (label == null) {
            label = defaultLabel;
        }

        // Construct the rest of the workflow model",0,CVE-2021-41110,CWE-502,common-workflow-language/cwlviewer,f6066f09edb70033a2ce80200e9fa9e70a5c29de,java
"

    public static ParserConfig getGlobalInstance() {
        return global;
    }
    public static ParserConfig                              global                = new ParserConfig();

    private final IdentityHashMap<Type, ObjectDeserializer> deserializers         = new IdentityHashMap<Type, ObjectDeserializer>();
    private final IdentityHashMap<Type, IdentityHashMap<Type, ObjectDeserializer>> mixInDeserializers = new IdentityHashMap<Type, IdentityHashMap<Type, ObjectDeserializer>>(16);
    private final ConcurrentMap<String,Class<?>>            typeMapping           = new ConcurrentHashMap<String,Class<?>>(16, 0.75f, 1);

    private boolean                                         asmEnable             = !ASMUtils.IS_ANDROID;

    public final SymbolTable                                symbolTable           = new SymbolTable(4096);

    public PropertyNamingStrategy                           propertyNamingStrategy;

    protected ClassLoader                                   defaultClassLoader;

    protected ASMDeserializerFactory                        asmFactory;

    private static boolean                                  awtError              = false;
    private static boolean                                  jdk8Error             = false;
    private static boolean                                  jodaError             = false;
    private static boolean                                  guavaError            = false;

    private boolean                                         autoTypeSupport       = AUTO_SUPPORT;
    private long[]                                          internalDenyHashCodes;
    private long[]                                          denyHashCodes;
    private long[]                                          acceptHashCodes;


    public final boolean                                    fieldBased;
    private boolean                                         jacksonCompatible     = false;

    public boolean                         ",0,CVE-2022-25845,CWE-502,alibaba/fastjson,35db4adad70c32089542f23c272def1ad920a60d,java
"

    public ParserConfig(){
        this(false);
    }

    public ParserConfig(boolean fieldBase){
        this(null, null, fieldBase);
    }

    public ParserConfig(ClassLoader parentClassLoader){
        this(null, parentClassLoader, false);
    }

    public ParserConfig(ASMDeserializerFactory asmFactory){
        this(asmFactory, null, false);
    }

    private ParserConfig(ASMDeserializerFactory asmFactory, ClassLoader parentClassLoader, boolean fieldBased){
        this.fieldBased = fieldBased;
        if (asmFactory == null && !ASMUtils.IS_ANDROID) {
            try {
                if (parentClassLoader == null) {
                    asmFactory = new ASMDeserializerFactory(new ASMClassLoader());
                } else {
                    asmFactory = new ASMDeserializerFactory(parentClassLoader);
                }
            } catch (ExceptionInInitializerError error) {
                // skip
            } catch (AccessControlException error) {
                // skip
            } catch (NoClassDefFoundError error) {
                // skip
            }
        }

        this.asmFactory = asmFactory;

        if (asmFactory == null) {
            asmEnable = false;",0,CVE-2022-25845,CWE-502,alibaba/fastjson,35db4adad70c32089542f23c272def1ad920a60d,java
"

    public ParserConfig(boolean fieldBase){
        this(null, null, fieldBase);
    }

    public ParserConfig(ClassLoader parentClassLoader){
        this(null, parentClassLoader, false);
    }

    public ParserConfig(ASMDeserializerFactory asmFactory){
        this(asmFactory, null, false);
    }

    private ParserConfig(ASMDeserializerFactory asmFactory, ClassLoader parentClassLoader, boolean fieldBased){
        this.fieldBased = fieldBased;
        if (asmFactory == null && !ASMUtils.IS_ANDROID) {
            try {
                if (parentClassLoader == null) {
                    asmFactory = new ASMDeserializerFactory(new ASMClassLoader());
                } else {
                    asmFactory = new ASMDeserializerFactory(parentClassLoader);
                }
            } catch (ExceptionInInitializerError error) {
                // skip
            } catch (AccessControlException error) {
                // skip
            } catch (NoClassDefFoundError error) {
                // skip
            }
        }

        this.asmFactory = asmFactory;

        if (asmFactory == null) {
            asmEnable = false;
        }

        initDeserializers();
",0,CVE-2022-25845,CWE-502,alibaba/fastjson,35db4adad70c32089542f23c272def1ad920a60d,java
"
	public void test_exception() throws Exception {
		RuntimeException ex = new RuntimeException(""e1"");
		String text = JSON.toJSONString(ex);
		System.out.println(text);
		
		RuntimeException ex2 = (RuntimeException) JSON.parse(text);
	}
}",0,CVE-2022-25845,CWE-502,alibaba/fastjson,35db4adad70c32089542f23c272def1ad920a60d,java
"
    public void handleRequest(HttpServletRequest request, HttpServletResponse response) throws ServletException, IOException {
        try {
            RemoteInvocation invocation = readRemoteInvocation(request);

            if (!authorized(request, response, invocation)) {
                return;
            }

            RemoteInvocationResult result = invokeAndCreateResult(invocation, getProxy());
            writeRemoteInvocationResult(request, response, result);
        } catch (ClassNotFoundException ex) {
            throw new NestedServletException(""Class not found during deserialization"", ex);
        }
    }

    /**
     * Verifies that the agent UUID from the deserialized payload matches the UUID permitted by the agent authentication
     * filter.
     *
     * @param request    the {@link HttpServletRequest}
     * @param response   the {@link HttpServletResponse}
     * @param invocation the deserialized {@link RemoteInvocation} payload
     * @return true if authorized; false otherwise
     * @throws IOException on error while writing a response back to the client
     */
    private boolean authorized(HttpServletRequest request, HttpServletResponse response, RemoteInvocation invocation) throws IOException {
        final String uuid = request.getHeader(""X-Agent-GUID""); // should never be null since we passed the auth filter
        final MethodSignature current = new MethodSignature(invocation);

        LOG.debug(format(""Checking authorization for agent [%s] on invocation: %s"", uuid, invocation));

        if (KNOWN_METHODS_NEEDING_UUID_VALIDATION.contains(current)) {
            final String askingFor = AgentUUID.fromRuntimeInfo0(invocation.getArguments());

            if (!uuid.equals(askingFor)) {
                LOG.error(format(""DENYING REQUEST: Agent [%s] is attempting a request on behalf of [%s]: %s"", uuid, askingFor, invocation));
                reject(response, SC_FORBIDDEN, ""Not allowing request on behalf of another agent"");
       ",0,CVE-2022-39311,CWE-502,gocd/gocd,7b88b70d6f7f429562d5cab49a80ea856e34cdc8,java
"
    private boolean authorized(HttpServletRequest request, HttpServletResponse response, RemoteInvocation invocation) throws IOException {
        final String uuid = request.getHeader(""X-Agent-GUID""); // should never be null since we passed the auth filter
        final MethodSignature current = new MethodSignature(invocation);

        LOG.debug(format(""Checking authorization for agent [%s] on invocation: %s"", uuid, invocation));

        if (KNOWN_METHODS_NEEDING_UUID_VALIDATION.contains(current)) {
            final String askingFor = AgentUUID.fromRuntimeInfo0(invocation.getArguments());

            if (!uuid.equals(askingFor)) {
                LOG.error(format(""DENYING REQUEST: Agent [%s] is attempting a request on behalf of [%s]: %s"", uuid, askingFor, invocation));
                reject(response, SC_FORBIDDEN, ""Not allowing request on behalf of another agent"");
                return false;
            }
        } else {
            LOG.error(format(""DENYING REQUEST: Agent [%s] is requesting an unknown method invocation: %s"", uuid, invocation));
            reject(response, SC_BAD_REQUEST, format(""Unknown invocation: %s"", invocation));
            return false;
        }

        LOG.debug(format(""ALLOWING REQUEST: Agent [%s] is authorized to invoke: %s"", uuid, invocation));
        return true;
    }

    /**
     * Returns a plaintext error response back to the agent on failure
     *
     * @param response   the {@link HttpServletResponse}
     * @param statusCode the HTTP status code
     * @param msg        the error message
     * @throws IOException on error while writing a response back to the client
     */
    private void reject(HttpServletResponse response, int statusCode, String msg) throws IOException {
        response.setStatus(statusCode);
        response.setContentType(""text/plain"");
        final PrintWriter writer = response.getWriter();
        writer.println(msg);
        writer.flush();
        writer.close();",0,CVE-2022-39311,CWE-502,gocd/gocd,7b88b70d6f7f429562d5cab49a80ea856e34cdc8,java
"
    private void reject(HttpServletResponse response, int statusCode, String msg) throws IOException {
        response.setStatus(statusCode);
        response.setContentType(""text/plain"");
        final PrintWriter writer = response.getWriter();
        writer.println(msg);
        writer.flush();
        writer.close();
    }

    /**
     * Just a container class to hold functions to extract the agent UUID from deserialized payloads
     */
    private static class AgentUUID {
        private static String fromRuntimeInfo0(Object[] args) {
            return ((AgentRuntimeInfo) args[0]).getIdentifier().getUuid();
        }
    }

    /**
     * Helper class to make RMI method matching easier
     */
    private static class MethodSignature {
        private final String name;
        private final Class<?>[] paramTypes;

        private MethodSignature(RemoteInvocation invocation) {
            this(invocation.getMethodName(), invocation.getParameterTypes());
        }

        private MethodSignature(String name, Class<?>... paramTypes) {
            this.name = name;
            this.paramTypes = paramTypes;
        }

        @Override
        public boolean equals(Object o) {
            if (this == o) return true;
            if (o == null || getClass() != o.getClass()) return false;
            MethodSignature that = (MethodSignature) o;",0,CVE-2022-39311,CWE-502,gocd/gocd,7b88b70d6f7f429562d5cab49a80ea856e34cdc8,java
"
    void setup() throws Exception {
        openMocks(this).close();
        req = new MockHttpServletRequest();
        req.addHeader(""X-Agent-GUID"", AGENT_UUID);
        res = new MockHttpServletResponse();
    }

    @Test
    void isIgnored_allowedForSameUUID() throws Exception {
        final AgentRuntimeInfo agent = runtimeInfo(AGENT_UUID);
        final AgentRemoteInvokerServiceExporter invoker = deserializingWith(new RemoteInvocation(""isIgnored"", new Class[]{AgentRuntimeInfo.class, JobIdentifier.class}, new Object[]{agent, null}), target);
        invoker.handleRequest(req, res);
        verify(target, only()).isIgnored(agent, null);
        assertEquals(SC_OK, res.getStatus());
    }

    @Test
    void isIgnored_rejectedForDifferentUUID() throws Exception {
        final AgentRuntimeInfo agent = runtimeInfo(""other"");
        final AgentRemoteInvokerServiceExporter invoker = deserializingWith(new RemoteInvocation(""isIgnored"", new Class[]{AgentRuntimeInfo.class, JobIdentifier.class}, new Object[]{agent, null}), target);
        invoker.handleRequest(req, res);
        verify(target, never()).isIgnored(any(AgentRuntimeInfo.class), any(JobIdentifier.class));
        assertEquals(SC_FORBIDDEN, res.getStatus());
    }

    @Test
    void ping_allowedForSameUUID() throws Exception {
        final AgentRuntimeInfo agent = runtimeInfo(AGENT_UUID);
        final AgentRemoteInvokerServiceExporter invoker = deserializingWith(new RemoteInvocation(""ping"", new Class[]{AgentRuntimeInfo.class}, new Object[]{agent}), target);
        invoker.handleRequest(req, res);
        verify(target, only()).ping(agent);
        assertEquals(SC_OK, res.getStatus());
    }

    @Test
    void ping_rejectedForDifferentUUID() throws Exception {
        final AgentRuntimeInfo agent = runtimeInfo(""other"");
        final AgentRemoteInvokerServiceExporter invoker = deserializingWith(new RemoteInvocation(""ping"", new Class[]{AgentRuntimeInfo.class}, new Object[]{agent}), target);
        invok",0,CVE-2022-39311,CWE-502,gocd/gocd,7b88b70d6f7f429562d5cab49a80ea856e34cdc8,java
"
    void isIgnored_allowedForSameUUID() throws Exception {
        final AgentRuntimeInfo agent = runtimeInfo(AGENT_UUID);
        final AgentRemoteInvokerServiceExporter invoker = deserializingWith(new RemoteInvocation(""isIgnored"", new Class[]{AgentRuntimeInfo.class, JobIdentifier.class}, new Object[]{agent, null}), target);
        invoker.handleRequest(req, res);
        verify(target, only()).isIgnored(agent, null);
        assertEquals(SC_OK, res.getStatus());
    }

    @Test
    void isIgnored_rejectedForDifferentUUID() throws Exception {
        final AgentRuntimeInfo agent = runtimeInfo(""other"");
        final AgentRemoteInvokerServiceExporter invoker = deserializingWith(new RemoteInvocation(""isIgnored"", new Class[]{AgentRuntimeInfo.class, JobIdentifier.class}, new Object[]{agent, null}), target);
        invoker.handleRequest(req, res);
        verify(target, never()).isIgnored(any(AgentRuntimeInfo.class), any(JobIdentifier.class));
        assertEquals(SC_FORBIDDEN, res.getStatus());
    }

    @Test
    void ping_allowedForSameUUID() throws Exception {
        final AgentRuntimeInfo agent = runtimeInfo(AGENT_UUID);
        final AgentRemoteInvokerServiceExporter invoker = deserializingWith(new RemoteInvocation(""ping"", new Class[]{AgentRuntimeInfo.class}, new Object[]{agent}), target);
        invoker.handleRequest(req, res);
        verify(target, only()).ping(agent);
        assertEquals(SC_OK, res.getStatus());
    }

    @Test
    void ping_rejectedForDifferentUUID() throws Exception {
        final AgentRuntimeInfo agent = runtimeInfo(""other"");
        final AgentRemoteInvokerServiceExporter invoker = deserializingWith(new RemoteInvocation(""ping"", new Class[]{AgentRuntimeInfo.class}, new Object[]{agent}), target);
        invoker.handleRequest(req, res);
        verify(target, never()).ping(any(AgentRuntimeInfo.class));
        assertEquals(SC_FORBIDDEN, res.getStatus());
    }

    @Test
    void getWork_allowedForSameUUID() throws Exception {
    ",0,CVE-2022-39311,CWE-502,gocd/gocd,7b88b70d6f7f429562d5cab49a80ea856e34cdc8,java
"
    void isIgnored_rejectedForDifferentUUID() throws Exception {
        final AgentRuntimeInfo agent = runtimeInfo(""other"");
        final AgentRemoteInvokerServiceExporter invoker = deserializingWith(new RemoteInvocation(""isIgnored"", new Class[]{AgentRuntimeInfo.class, JobIdentifier.class}, new Object[]{agent, null}), target);
        invoker.handleRequest(req, res);
        verify(target, never()).isIgnored(any(AgentRuntimeInfo.class), any(JobIdentifier.class));
        assertEquals(SC_FORBIDDEN, res.getStatus());
    }

    @Test
    void ping_allowedForSameUUID() throws Exception {
        final AgentRuntimeInfo agent = runtimeInfo(AGENT_UUID);
        final AgentRemoteInvokerServiceExporter invoker = deserializingWith(new RemoteInvocation(""ping"", new Class[]{AgentRuntimeInfo.class}, new Object[]{agent}), target);
        invoker.handleRequest(req, res);
        verify(target, only()).ping(agent);
        assertEquals(SC_OK, res.getStatus());
    }

    @Test
    void ping_rejectedForDifferentUUID() throws Exception {
        final AgentRuntimeInfo agent = runtimeInfo(""other"");
        final AgentRemoteInvokerServiceExporter invoker = deserializingWith(new RemoteInvocation(""ping"", new Class[]{AgentRuntimeInfo.class}, new Object[]{agent}), target);
        invoker.handleRequest(req, res);
        verify(target, never()).ping(any(AgentRuntimeInfo.class));
        assertEquals(SC_FORBIDDEN, res.getStatus());
    }

    @Test
    void getWork_allowedForSameUUID() throws Exception {
        final AgentRuntimeInfo agent = runtimeInfo(AGENT_UUID);
        final AgentRemoteInvokerServiceExporter invoker = deserializingWith(new RemoteInvocation(""getWork"", new Class[]{AgentRuntimeInfo.class}, new Object[]{agent}), target);
        invoker.handleRequest(req, res);
        verify(target, only()).getWork(agent);
        assertEquals(SC_OK, res.getStatus());
    }

    @Test
    void getWork_rejectedForDifferentUUID() throws Exception {
        final AgentRuntimeInfo agent ",0,CVE-2022-39311,CWE-502,gocd/gocd,7b88b70d6f7f429562d5cab49a80ea856e34cdc8,java
"

    public String getJdbc() {
        if(StringUtils.isEmpty(extraParams.trim())){
            return ""jdbc:mysql://HOSTNAME:PORT/DATABASE""
                    .replace(""HOSTNAME"", getHost().trim())
                    .replace(""PORT"", getPort().toString().trim())
                    .replace(""DATABASE"", getDataBase().trim());
        }else {
            return ""jdbc:mysql://HOSTNAME:PORT/DATABASE?EXTRA_PARAMS""
                    .replace(""HOSTNAME"", getHost().trim())
                    .replace(""PORT"", getPort().toString().trim())
                    .replace(""DATABASE"", getDataBase().trim())
                    .replace(""EXTRA_PARAMS"", getExtraParams().trim());
        }
    }
}",0,CVE-2022-39312,CWE-502,dataease/dataease,956ee2d6c9e81349a60aef435efc046888e10a6d,java
"function parse (sri, opts) {
  opts = opts || {}
  if (typeof sri === 'string') {
    return _parse(sri, opts)
  } else if (sri.algorithm && sri.digest) {
    const fullSri = new Integrity()
    fullSri[sri.algorithm] = [sri]
    return _parse(stringify(fullSri, opts), opts)
  } else {
    return _parse(stringify(sri, opts), opts)
  }
}

function _parse (integrity, opts) {
  // 3.4.3. Parse metadata
  // https://w3c.github.io/webappsec-subresource-integrity/#parse-metadata
  if (opts.single) {
    return new Hash(integrity, opts)
  }
  return integrity.trim().split(/\s+/).reduce((acc, string) => {
    const hash = new Hash(string, opts)
    if (hash.algorithm && hash.digest) {
      const algo = hash.algorithm
      if (!acc[algo]) { acc[algo] = [] }
      acc[algo].push(hash)
    }
    return acc
  }, new Integrity())
}

module.exports.stringify = stringify
function stringify (obj, opts) {
  if (obj.algorithm && obj.digest) {
    return Hash.prototype.toString.call(obj, opts)
  } else if (typeof obj === 'string') {
    return stringify(parse(obj, opts), opts)
  } else {
    return Integrity.prototype.toString.call(obj, opts)
  }
}",1,CVE-2018-7651,CWE-400,zkat/ssri,d0ebcdc22cb5c8f47f89716d08b3518b2485d65d,javascript
"function _parse (integrity, opts) {
  // 3.4.3. Parse metadata
  // https://w3c.github.io/webappsec-subresource-integrity/#parse-metadata
  if (opts.single) {
    return new Hash(integrity, opts)
  }
  return integrity.trim().split(/\s+/).reduce((acc, string) => {
    const hash = new Hash(string, opts)
    if (hash.algorithm && hash.digest) {
      const algo = hash.algorithm
      if (!acc[algo]) { acc[algo] = [] }
      acc[algo].push(hash)
    }
    return acc
  }, new Integrity())
}

module.exports.stringify = stringify
function stringify (obj, opts) {
  if (obj.algorithm && obj.digest) {
    return Hash.prototype.toString.call(obj, opts)
  } else if (typeof obj === 'string') {
    return stringify(parse(obj, opts), opts)
  } else {
    return Integrity.prototype.toString.call(obj, opts)
  }
}

module.exports.fromHex = fromHex
function fromHex (hexDigest, algorithm, opts) {
  const optString = (opts && opts.options && opts.options.length)
  ? `?${opts.options.join('?')}`
  : ''
  return parse(
    `${algorithm}-${
      Buffer.from(hexDigest, 'hex').toString('base64')
    }${optString}`, opts
  )
}
",1,CVE-2018-7651,CWE-400,zkat/ssri,d0ebcdc22cb5c8f47f89716d08b3518b2485d65d,javascript
"function stringify (obj, opts) {
  if (obj.algorithm && obj.digest) {
    return Hash.prototype.toString.call(obj, opts)
  } else if (typeof obj === 'string') {
    return stringify(parse(obj, opts), opts)
  } else {
    return Integrity.prototype.toString.call(obj, opts)
  }
}

module.exports.fromHex = fromHex
function fromHex (hexDigest, algorithm, opts) {
  const optString = (opts && opts.options && opts.options.length)
  ? `?${opts.options.join('?')}`
  : ''
  return parse(
    `${algorithm}-${
      Buffer.from(hexDigest, 'hex').toString('base64')
    }${optString}`, opts
  )
}

module.exports.fromData = fromData
function fromData (data, opts) {
  opts = opts || {}
  const algorithms = opts.algorithms || ['sha512']
  const optString = opts.options && opts.options.length
  ? `?${opts.options.join('?')}`
  : ''
  return algorithms.reduce((acc, algo) => {
    const digest = crypto.createHash(algo).update(data).digest('base64')
    const hash = new Hash(
      `${algo}-${digest}${optString}`,
       opts
    )
    if (hash.algorithm && hash.digest) {
      const algo = hash.algorithm
      if (!acc[algo]) { acc[algo] = [] }
      acc[algo].push(hash)
    }",1,CVE-2018-7651,CWE-400,zkat/ssri,d0ebcdc22cb5c8f47f89716d08b3518b2485d65d,javascript
"function hash (data, algorithm) {
  return crypto.createHash(algorithm).update(data).digest('base64')
}

test('serializes Integrity-likes', t => {
  const sriLike = {
    'sha512': [{
      digest: 'foo',
      algorithm: 'sha512',
      options: ['ayy', 'woo']
    }, {
      digest: 'bar',
      algorithm: 'sha512'
    }],
    'whirlpool': [{
      digest: 'wut',
      algorithm: 'whirlpool'
    }]
  }
  t.equal(
    ssri.stringify(sriLike),
    'sha512-foo?ayy?woo sha512-bar whirlpool-wut',
    'stringification contains correct data for all entries'
  )
  t.done()
})

test('serializes Hash-likes', t => {
  const sriLike = {
    digest: 'foo',
    algorithm: 'sha512'
  }
  t.equal(
    ssri.stringify(sriLike),
    'sha512-foo',
    'serialization has correct data'
  )
  t.done()
})
",1,CVE-2018-7651,CWE-400,zkat/ssri,d0ebcdc22cb5c8f47f89716d08b3518b2485d65d,javascript
"var configure = function( app, configObject ) {
	if( typeof configObject !== ""undefined"" ) {
		configuration.directory = configObject.directory || configuration.directory;
		configuration.extension = configObject.extension || configuration.extension;
		configuration.objectNotation = configObject.objectNotation || configuration.objectNotation;
	}

	// Register routes
	app.get( ""/i18n/:locale"", i18nRoutes.i18n );
	app.get( ""/i18n/:locale/:phrase"", i18nRoutes.translate );
};

/**
 * Middleware to allow retrieval of users locale in the template engine.
 * @param {Object} request
 * @param {Object} response
 * @param {Function} [next]
 */
var getLocale = function( request, response, next ) {
	response.locals.i18n = {
		getLocale : function() {
			return i18n.getLocale.apply( request, arguments );
		}
	};

	// For backwards compatibility, also define ""acceptedLanguage"".
	response.locals.acceptedLanguage = response.locals.i18n.getLocale;

	if( typeof next !== ""undefined"" ) {
		next();
	}
};

var i18nRoutes = {
	/**
	 * Sends a translation file to the client.
	 * @param request
	 * @param response
	 */
	i18n : function( request, response ) {",1,CVE-2016-10524,CWE-400,oliversalzburg/i18n-node-angular,877720d2d9bb90dc8233706e81ffa03f99fc9dc8,javascript
"var getLocale = function( request, response, next ) {
	response.locals.i18n = {
		getLocale : function() {
			return i18n.getLocale.apply( request, arguments );
		}
	};

	// For backwards compatibility, also define ""acceptedLanguage"".
	response.locals.acceptedLanguage = response.locals.i18n.getLocale;

	if( typeof next !== ""undefined"" ) {
		next();
	}
};

var i18nRoutes = {
	/**
	 * Sends a translation file to the client.
	 * @param request
	 * @param response
	 */
	i18n : function( request, response ) {
		var locale = request.params.locale;
		var sendFile = response.sendFile || response.sendfile;
		sendFile.apply( response, [ path.join( configuration.directory, locale + configuration.extension ) ] );
	},

	/**
	 * Translate a given string and provide the result.
	 * @param request
	 * @param response
	 */
	translate : function( request, response ) {
		var locale = request.params.locale;
		var phrase = request.params.phrase;

		var result;
		if( request.query.plural ) {
			var singular = phrase;
			var plural = request.query.plural;",1,CVE-2016-10524,CWE-400,oliversalzburg/i18n-node-angular,877720d2d9bb90dc8233706e81ffa03f99fc9dc8,javascript
"getLocale : function() {
			return i18n.getLocale.apply( request, arguments );
		}
	};

	// For backwards compatibility, also define ""acceptedLanguage"".
	response.locals.acceptedLanguage = response.locals.i18n.getLocale;

	if( typeof next !== ""undefined"" ) {
		next();
	}
};

var i18nRoutes = {
	/**
	 * Sends a translation file to the client.
	 * @param request
	 * @param response
	 */
	i18n : function( request, response ) {
		var locale = request.params.locale;
		var sendFile = response.sendFile || response.sendfile;
		sendFile.apply( response, [ path.join( configuration.directory, locale + configuration.extension ) ] );
	},

	/**
	 * Translate a given string and provide the result.
	 * @param request
	 * @param response
	 */
	translate : function( request, response ) {
		var locale = request.params.locale;
		var phrase = request.params.phrase;

		var result;
		if( request.query.plural ) {
			var singular = phrase;
			var plural = request.query.plural;
			// Make sure the information is added to the catalog if it doesn't exist yet.
			var translated = i18n.__n( {",1,CVE-2016-10524,CWE-400,oliversalzburg/i18n-node-angular,877720d2d9bb90dc8233706e81ffa03f99fc9dc8,javascript
"function _typeof(obj) { if (typeof Symbol === ""function"" && typeof Symbol.iterator === ""symbol"") { _typeof = function _typeof(obj) { return typeof obj; }; } else { _typeof = function _typeof(obj) { return obj && typeof Symbol === ""function"" && obj.constructor === Symbol && obj !== Symbol.prototype ? ""symbol"" : typeof obj; }; } return _typeof(obj); }

function _slicedToArray(arr, i) { return _arrayWithHoles(arr) || _iterableToArrayLimit(arr, i) || _nonIterableRest(); }

function _nonIterableRest() { throw new TypeError(""Invalid attempt to destructure non-iterable instance""); }

function _iterableToArrayLimit(arr, i) { var _arr = []; var _n = true; var _d = false; var _e = undefined; try { for (var _i = arr[Symbol.iterator](), _s; !(_n = (_s = _i.next()).done); _n = true) { _arr.push(_s.value); if (i && _arr.length === i) break; } } catch (err) { _d = true; _e = err; } finally { try { if (!_n && _i[""return""] != null) _i[""return""](); } finally { if (_d) throw _e; } } return _arr; }

function _arrayWithHoles(arr) { if (Array.isArray(arr)) return arr; }

function _toConsumableArray(arr) { return _arrayWithoutHoles(arr) || _iterableToArray(arr) || _nonIterableSpread(); }

function _nonIterableSpread() { throw new TypeError(""Invalid attempt to spread non-iterable instance""); }

function _iterableToArray(iter) { if (Symbol.iterator in Object(iter) || Object.prototype.toString.call(iter) === ""[object Arguments]"") return Array.from(iter); }

function _arrayWithoutHoles(arr) { if (Array.isArray(arr)) { for (var i = 0, arr2 = new Array(arr.length); i < arr.length; i++) { arr2[i] = arr[i]; } return arr2; } }

function ownKeys(object, enumerableOnly) { var keys = Object.keys(object); if (Object.getOwnPropertySymbols) { var symbols = Object.getOwnPropertySymbols(object); if (enumerableOnly) symbols = symbols.filter(function (sym) { return Object.getOwnPropertyDescriptor(object, sym).enumerable; }); keys.push.apply(keys, symbols); } return keys; }

function _objectSpread(target) { ",1,CVE-2019-17592,CWE-400,adaltas/node-csv-parse,b9d35940c6815cdf1dfd6b21857a1f6d0fd51e4a,javascript
"function _typeof(obj) { return typeof obj; }; } else { _typeof = function _typeof(obj) { return obj && typeof Symbol === ""function"" && obj.constructor === Symbol && obj !== Symbol.prototype ? ""symbol"" : typeof obj; }; } return _typeof(obj); }

function _slicedToArray(arr, i) { return _arrayWithHoles(arr) || _iterableToArrayLimit(arr, i) || _nonIterableRest(); }

function _nonIterableRest() { throw new TypeError(""Invalid attempt to destructure non-iterable instance""); }

function _iterableToArrayLimit(arr, i) { var _arr = []; var _n = true; var _d = false; var _e = undefined; try { for (var _i = arr[Symbol.iterator](), _s; !(_n = (_s = _i.next()).done); _n = true) { _arr.push(_s.value); if (i && _arr.length === i) break; } } catch (err) { _d = true; _e = err; } finally { try { if (!_n && _i[""return""] != null) _i[""return""](); } finally { if (_d) throw _e; } } return _arr; }

function _arrayWithHoles(arr) { if (Array.isArray(arr)) return arr; }

function _toConsumableArray(arr) { return _arrayWithoutHoles(arr) || _iterableToArray(arr) || _nonIterableSpread(); }

function _nonIterableSpread() { throw new TypeError(""Invalid attempt to spread non-iterable instance""); }

function _iterableToArray(iter) { if (Symbol.iterator in Object(iter) || Object.prototype.toString.call(iter) === ""[object Arguments]"") return Array.from(iter); }

function _arrayWithoutHoles(arr) { if (Array.isArray(arr)) { for (var i = 0, arr2 = new Array(arr.length); i < arr.length; i++) { arr2[i] = arr[i]; } return arr2; } }

function ownKeys(object, enumerableOnly) { var keys = Object.keys(object); if (Object.getOwnPropertySymbols) { var symbols = Object.getOwnPropertySymbols(object); if (enumerableOnly) symbols = symbols.filter(function (sym) { return Object.getOwnPropertyDescriptor(object, sym).enumerable; }); keys.push.apply(keys, symbols); } return keys; }

function _objectSpread(target) { for (var i = 1; i < arguments.length; i++) { var source = arguments[i] != null ? arguments[i] : {}; if (i % 2",1,CVE-2019-17592,CWE-400,adaltas/node-csv-parse,b9d35940c6815cdf1dfd6b21857a1f6d0fd51e4a,javascript
"function _typeof(obj) { return obj && typeof Symbol === ""function"" && obj.constructor === Symbol && obj !== Symbol.prototype ? ""symbol"" : typeof obj; }; } return _typeof(obj); }

function _slicedToArray(arr, i) { return _arrayWithHoles(arr) || _iterableToArrayLimit(arr, i) || _nonIterableRest(); }

function _nonIterableRest() { throw new TypeError(""Invalid attempt to destructure non-iterable instance""); }

function _iterableToArrayLimit(arr, i) { var _arr = []; var _n = true; var _d = false; var _e = undefined; try { for (var _i = arr[Symbol.iterator](), _s; !(_n = (_s = _i.next()).done); _n = true) { _arr.push(_s.value); if (i && _arr.length === i) break; } } catch (err) { _d = true; _e = err; } finally { try { if (!_n && _i[""return""] != null) _i[""return""](); } finally { if (_d) throw _e; } } return _arr; }

function _arrayWithHoles(arr) { if (Array.isArray(arr)) return arr; }

function _toConsumableArray(arr) { return _arrayWithoutHoles(arr) || _iterableToArray(arr) || _nonIterableSpread(); }

function _nonIterableSpread() { throw new TypeError(""Invalid attempt to spread non-iterable instance""); }

function _iterableToArray(iter) { if (Symbol.iterator in Object(iter) || Object.prototype.toString.call(iter) === ""[object Arguments]"") return Array.from(iter); }

function _arrayWithoutHoles(arr) { if (Array.isArray(arr)) { for (var i = 0, arr2 = new Array(arr.length); i < arr.length; i++) { arr2[i] = arr[i]; } return arr2; } }

function ownKeys(object, enumerableOnly) { var keys = Object.keys(object); if (Object.getOwnPropertySymbols) { var symbols = Object.getOwnPropertySymbols(object); if (enumerableOnly) symbols = symbols.filter(function (sym) { return Object.getOwnPropertyDescriptor(object, sym).enumerable; }); keys.push.apply(keys, symbols); } return keys; }

function _objectSpread(target) { for (var i = 1; i < arguments.length; i++) { var source = arguments[i] != null ? arguments[i] : {}; if (i % 2) { ownKeys(source, true).forEach(function (key) { _definePropert",1,CVE-2019-17592,CWE-400,adaltas/node-csv-parse,b9d35940c6815cdf1dfd6b21857a1f6d0fd51e4a,javascript
"const parse = function(){
  let data, options, callback
  for(let i in arguments){
    const argument = arguments[i]
    const type = typeof argument
    if(data === undefined && (typeof argument === 'string' || Buffer.isBuffer(argument))){
      data = argument
    }else if(options === undefined && isObject(argument)){
      options = argument
    }else if(callback === undefined && type === 'function'){
      callback = argument
    }else{
      throw new Error(`Invalid argument: got ${JSON.stringify(argument)} at index ${i}`)
    }
  }
  const parser = new Parser(options)
  if(callback){
    const records = options === undefined || options.objname === undefined ? [] : {}
    parser.on('readable', function(){
      let record
      while(record = this.read()){
        if(options === undefined || options.objname === undefined){
          records.push(record)
        }else{
          records[record[0]] = record[1]
        }
      }
    })
    parser.on('error', function(err){
      callback(err, undefined, parser.info)
    })
    parser.on('end', function(){
      callback(undefined, records, parser.info)
    })
  }
  if(data !== undefined){
    parser.write(data)
    parser.end()
  }
  return parser",1,CVE-2019-17592,CWE-400,adaltas/node-csv-parse,b9d35940c6815cdf1dfd6b21857a1f6d0fd51e4a,javascript
"const underscore = function(str){
  return str.replace(/([A-Z])/g, function(_, match, index){
    return '_' + match.toLowerCase()
  })
}

const isObject = function(obj){
  return (typeof obj === 'object' && obj !== null && !Array.isArray(obj))
}

const normalizeColumnsArray = function(columns){
  // console.log('columns', columns)
  const normalizedColumns = [];

  for(let i=0; i< columns.length; i++){
    const column = columns[i]
    if(column === undefined || column === null || column === false){
      normalizedColumns[i] = { disabled: true }
    }else if(typeof column === 'string'){
      normalizedColumns[i] = { name: column }
    }else if(isObject(column)){
      if(typeof column.name !== 'string'){
        throw new Error(`Invalid Option columns: property ""name"" is required at position ${i} when column is an object literal`)
      }
      normalizedColumns[i] = column
    }else{
      throw new Error(`Invalid Option columns: expect a string or an object, got ${JSON.stringify(column)} at position ${i}`)
    }
  }
  // console.log(normalizedColumns)
  return normalizedColumns;
}",1,CVE-2019-17592,CWE-400,adaltas/node-csv-parse,b9d35940c6815cdf1dfd6b21857a1f6d0fd51e4a,javascript
"const isObject = function(obj){
  return (typeof obj === 'object' && obj !== null && !Array.isArray(obj))
}

const normalizeColumnsArray = function(columns){
  // console.log('columns', columns)
  const normalizedColumns = [];

  for(let i=0; i< columns.length; i++){
    const column = columns[i]
    if(column === undefined || column === null || column === false){
      normalizedColumns[i] = { disabled: true }
    }else if(typeof column === 'string'){
      normalizedColumns[i] = { name: column }
    }else if(isObject(column)){
      if(typeof column.name !== 'string'){
        throw new Error(`Invalid Option columns: property ""name"" is required at position ${i} when column is an object literal`)
      }
      normalizedColumns[i] = column
    }else{
      throw new Error(`Invalid Option columns: expect a string or an object, got ${JSON.stringify(column)} at position ${i}`)
    }
  }
  // console.log(normalizedColumns)
  return normalizedColumns;
}",1,CVE-2019-17592,CWE-400,adaltas/node-csv-parse,b9d35940c6815cdf1dfd6b21857a1f6d0fd51e4a,javascript
"extend : function (regexes, extensions) {
            var mergedRegexes = {};
            for (var i in regexes) {
                if (extensions[i] && extensions[i].length % 2 === 0) {
                    mergedRegexes[i] = extensions[i].concat(regexes[i]);
                } else {
                    mergedRegexes[i] = regexes[i];
                }
            }
            return mergedRegexes;
        },
        has : function (str1, str2) {
          if (typeof str1 === ""string"") {
            return str2.toLowerCase().indexOf(str1.toLowerCase()) !== -1;
          } else {
            return false;
          }
        },
        lowerize : function (str) {
            return str.toLowerCase();
        },
        major : function (version) {
            return typeof(version) === STR_TYPE ? version.replace(/[^\d\.]/g,'').split(""."")[0] : undefined;
        },
        trim : function (str) {
          return str.replace(/^[\s\uFEFF\xA0]+|[\s\uFEFF\xA0]+$/g, '');
        }
    };


    ///////////////
    // Map helper
    //////////////


    var mapper = {

        rgx : function (ua, arrays) {

            var i = 0, j, k, p, q, matches, match;",1,CVE-2020-7733,CWE-400,faisalman/ua-parser-js,233d3bae22a795153a7e6638887ce159c63e557d,javascript
"has : function (str1, str2) {
          if (typeof str1 === ""string"") {
            return str2.toLowerCase().indexOf(str1.toLowerCase()) !== -1;
          } else {
            return false;
          }
        },
        lowerize : function (str) {
            return str.toLowerCase();
        },
        major : function (version) {
            return typeof(version) === STR_TYPE ? version.replace(/[^\d\.]/g,'').split(""."")[0] : undefined;
        },
        trim : function (str) {
          return str.replace(/^[\s\uFEFF\xA0]+|[\s\uFEFF\xA0]+$/g, '');
        }
    };


    ///////////////
    // Map helper
    //////////////


    var mapper = {

        rgx : function (ua, arrays) {

            var i = 0, j, k, p, q, matches, match;

            // loop through all regexes maps
            while (i < arrays.length && !matches) {

                var regex = arrays[i],       // even sequence (0,2,4,..)
                    props = arrays[i + 1];   // odd sequence (1,3,5,..)
                j = k = 0;

                // try matching uastring with regexes
                while (j < regex.length && !matches) {
",1,CVE-2020-7733,CWE-400,faisalman/ua-parser-js,233d3bae22a795153a7e6638887ce159c63e557d,javascript
"lowerize : function (str) {
            return str.toLowerCase();
        },
        major : function (version) {
            return typeof(version) === STR_TYPE ? version.replace(/[^\d\.]/g,'').split(""."")[0] : undefined;
        },
        trim : function (str) {
          return str.replace(/^[\s\uFEFF\xA0]+|[\s\uFEFF\xA0]+$/g, '');
        }
    };


    ///////////////
    // Map helper
    //////////////


    var mapper = {

        rgx : function (ua, arrays) {

            var i = 0, j, k, p, q, matches, match;

            // loop through all regexes maps
            while (i < arrays.length && !matches) {

                var regex = arrays[i],       // even sequence (0,2,4,..)
                    props = arrays[i + 1];   // odd sequence (1,3,5,..)
                j = k = 0;

                // try matching uastring with regexes
                while (j < regex.length && !matches) {

                    matches = regex[j++].exec(ua);

                    if (!!matches) {
                        for (p = 0; p < props.length; p++) {
                            match = matches[++k];
                            q = props[p];
                            // check if given property is actually array",1,CVE-2020-7733,CWE-400,faisalman/ua-parser-js,233d3bae22a795153a7e6638887ce159c63e557d,javascript
"link: function(prefix) {
      return '<a href=""' + prefix + '/' + this.url + '"">' + this.text + '</a>';
    }};
    shouldCompileTo(string, [hash, helpers], '<a href=""/root/goodbye"">Goodbye</a>');
  });

  it('helper for raw block gets raw content', function() {
    var string = '{{{{raw}}}} {{test}} {{{{/raw}}}}';
    var hash = { test: 'hello' };
    var helpers = { raw: function(options) {
        return options.fn();
    } };
    shouldCompileTo(string, [hash, helpers], ' {{test}} ',
                    'raw block helper gets raw content');
  });

  it('helper for raw block gets parameters', function() {
    var string = '{{{{raw 1 2 3}}}} {{test}} {{{{/raw}}}}';
    var hash = { test: 'hello' };
    var helpers = { raw: function(a, b, c, options) {
        return options.fn() + a + b + c;
    } };
    shouldCompileTo(string, [hash, helpers], ' {{test}} 123',
                    'raw block helper gets raw content');
  });

  describe('raw block parsing (with identity helper-function)', function() {

    function runWithIdentityHelper(template, expected) {
      var helpers = {
        identity: function(options) {
          return options.fn();
        }
      };
      shouldCompileTo(template, [{}, helpers], expected);
    }

    it('helper for nested raw block gets raw content', function() {
      runWithIdentityHelper('{{{{identity}}}} {{{{b}}}} {{{{/b}}}} {{{{/identity}}}}', ' {{{{b}}}} {{{{/b}}}} ');
    });",1,CVE-2019-20922,CWE-400,handlebars-lang/handlebars.js,8d5530ee2c3ea9f0aee3fde310b9f36887d00b8b,javascript
"raw: function(options) {
        return options.fn();
    } };
    shouldCompileTo(string, [hash, helpers], ' {{test}} ',
                    'raw block helper gets raw content');
  });

  it('helper for raw block gets parameters', function() {
    var string = '{{{{raw 1 2 3}}}} {{test}} {{{{/raw}}}}';
    var hash = { test: 'hello' };
    var helpers = { raw: function(a, b, c, options) {
        return options.fn() + a + b + c;
    } };
    shouldCompileTo(string, [hash, helpers], ' {{test}} 123',
                    'raw block helper gets raw content');
  });

  describe('raw block parsing (with identity helper-function)', function() {

    function runWithIdentityHelper(template, expected) {
      var helpers = {
        identity: function(options) {
          return options.fn();
        }
      };
      shouldCompileTo(template, [{}, helpers], expected);
    }

    it('helper for nested raw block gets raw content', function() {
      runWithIdentityHelper('{{{{identity}}}} {{{{b}}}} {{{{/b}}}} {{{{/identity}}}}', ' {{{{b}}}} {{{{/b}}}} ');
    });

    it('helper for nested raw block works with empty content', function() {
      runWithIdentityHelper('{{{{identity}}}}{{{{/identity}}}}', '');
    });

    it('helper for nested raw block works if nested raw blocks are broken', function() {
      runWithIdentityHelper('{{{{identity}}}} {{{{a}}}} {{{{ {{{{/ }}}} }}}} {{{{/identity}}}}', ' {{{{a}}}} {{{{ {{{{/ }}}} }}}} ');
    });
",1,CVE-2019-20922,CWE-400,handlebars-lang/handlebars.js,8d5530ee2c3ea9f0aee3fde310b9f36887d00b8b,javascript
"raw: function(a, b, c, options) {
        return options.fn() + a + b + c;
    } };
    shouldCompileTo(string, [hash, helpers], ' {{test}} 123',
                    'raw block helper gets raw content');
  });

  describe('raw block parsing (with identity helper-function)', function() {

    function runWithIdentityHelper(template, expected) {
      var helpers = {
        identity: function(options) {
          return options.fn();
        }
      };
      shouldCompileTo(template, [{}, helpers], expected);
    }

    it('helper for nested raw block gets raw content', function() {
      runWithIdentityHelper('{{{{identity}}}} {{{{b}}}} {{{{/b}}}} {{{{/identity}}}}', ' {{{{b}}}} {{{{/b}}}} ');
    });

    it('helper for nested raw block works with empty content', function() {
      runWithIdentityHelper('{{{{identity}}}}{{{{/identity}}}}', '');
    });

    it('helper for nested raw block works if nested raw blocks are broken', function() {
      runWithIdentityHelper('{{{{identity}}}} {{{{a}}}} {{{{ {{{{/ }}}} }}}} {{{{/identity}}}}', ' {{{{a}}}} {{{{ {{{{/ }}}} }}}} ');
    });

    it('helper for nested raw block throw exception when with missing closing braces', function() {
      var string = '{{{{a}}}} {{{{/a';
      shouldThrow(function() {
        Handlebars.compile(string)();
      });
    });
  });

  it('helper block with identical context', function() {
    var string = '{{#goodbyes}}{{name}}{{/goodbyes}}';",1,CVE-2019-20922,CWE-400,handlebars-lang/handlebars.js,8d5530ee2c3ea9f0aee3fde310b9f36887d00b8b,javascript
"function shouldMatchTokens(result, tokens) {
  for (var index = 0; index < result.length; index++) {
    equals(result[index].name, tokens[index]);
  }
}
function shouldBeToken(result, name, text) {
  equals(result.name, name);
  equals(result.text, text);
}

describe('Tokenizer', function() {
  if (!Handlebars.Parser) {
    return;
  }

  function tokenize(template) {
    var parser = Handlebars.Parser,
        lexer = parser.lexer;

    lexer.setInput(template);
    var out = [],
        token;

    while ((token = lexer.lex())) {
      var result = parser.terminals_[token] || token;
      if (!result || result === 'EOF' || result === 'INVALID') {
        break;
      }
      out.push({name: result, text: lexer.yytext});
    }

    return out;
  }

  it('tokenizes a simple mustache as ""OPEN ID CLOSE""', function() {
    var result = tokenize('{{foo}}');
    shouldMatchTokens(result, ['OPEN', 'ID', 'CLOSE']);
    shouldBeToken(result[1], 'ID', 'foo');
  });
",1,CVE-2019-20922,CWE-400,handlebars-lang/handlebars.js,8d5530ee2c3ea9f0aee3fde310b9f36887d00b8b,javascript
"function shouldBeToken(result, name, text) {
  equals(result.name, name);
  equals(result.text, text);
}

describe('Tokenizer', function() {
  if (!Handlebars.Parser) {
    return;
  }

  function tokenize(template) {
    var parser = Handlebars.Parser,
        lexer = parser.lexer;

    lexer.setInput(template);
    var out = [],
        token;

    while ((token = lexer.lex())) {
      var result = parser.terminals_[token] || token;
      if (!result || result === 'EOF' || result === 'INVALID') {
        break;
      }
      out.push({name: result, text: lexer.yytext});
    }

    return out;
  }

  it('tokenizes a simple mustache as ""OPEN ID CLOSE""', function() {
    var result = tokenize('{{foo}}');
    shouldMatchTokens(result, ['OPEN', 'ID', 'CLOSE']);
    shouldBeToken(result[1], 'ID', 'foo');
  });

  it('supports unescaping with &', function() {
    var result = tokenize('{{&bar}}');
    shouldMatchTokens(result, ['OPEN', 'ID', 'CLOSE']);

    shouldBeToken(result[0], 'OPEN', '{{&');",1,CVE-2019-20922,CWE-400,handlebars-lang/handlebars.js,8d5530ee2c3ea9f0aee3fde310b9f36887d00b8b,javascript
"function tokenize(template) {
    var parser = Handlebars.Parser,
        lexer = parser.lexer;

    lexer.setInput(template);
    var out = [],
        token;

    while ((token = lexer.lex())) {
      var result = parser.terminals_[token] || token;
      if (!result || result === 'EOF' || result === 'INVALID') {
        break;
      }
      out.push({name: result, text: lexer.yytext});
    }

    return out;
  }

  it('tokenizes a simple mustache as ""OPEN ID CLOSE""', function() {
    var result = tokenize('{{foo}}');
    shouldMatchTokens(result, ['OPEN', 'ID', 'CLOSE']);
    shouldBeToken(result[1], 'ID', 'foo');
  });

  it('supports unescaping with &', function() {
    var result = tokenize('{{&bar}}');
    shouldMatchTokens(result, ['OPEN', 'ID', 'CLOSE']);

    shouldBeToken(result[0], 'OPEN', '{{&');
    shouldBeToken(result[1], 'ID', 'bar');
  });

  it('supports unescaping with {{{', function() {
    var result = tokenize('{{{bar}}}');
    shouldMatchTokens(result, ['OPEN_UNESCAPED', 'ID', 'CLOSE_UNESCAPED']);

    shouldBeToken(result[1], 'ID', 'bar');
  });
",1,CVE-2019-20922,CWE-400,handlebars-lang/handlebars.js,8d5530ee2c3ea9f0aee3fde310b9f36887d00b8b,javascript
"var keywords = function(){
    function kw(type) {return {type: type, style: ""keyword""};}
    var A = kw(""keyword a""), B = kw(""keyword b""), C = kw(""keyword c""), D = kw(""keyword d"");
    var operator = kw(""operator""), atom = {type: ""atom"", style: ""atom""};

    return {
      ""if"": kw(""if""), ""while"": A, ""with"": A, ""else"": B, ""do"": B, ""try"": B, ""finally"": B,
      ""return"": D, ""break"": D, ""continue"": D, ""new"": kw(""new""), ""delete"": C, ""void"": C, ""throw"": C,
      ""debugger"": kw(""debugger""), ""var"": kw(""var""), ""const"": kw(""var""), ""let"": kw(""var""),
      ""function"": kw(""function""), ""catch"": kw(""catch""),
      ""for"": kw(""for""), ""switch"": kw(""switch""), ""case"": kw(""case""), ""default"": kw(""default""),
      ""in"": operator, ""typeof"": operator, ""instanceof"": operator,
      ""true"": atom, ""false"": atom, ""null"": atom, ""undefined"": atom, ""NaN"": atom, ""Infinity"": atom,
      ""this"": kw(""this""), ""class"": kw(""class""), ""super"": kw(""atom""),
      ""yield"": C, ""export"": kw(""export""), ""import"": kw(""import""), ""extends"": C,
      ""await"": C
    };
  }();

  var isOperatorChar = /[+\-*&%=<>!?|~^@]/;
  var isJsonldKeyword = /^@(context|id|value|language|type|container|list|set|reverse|index|base|vocab|graph)""/;

  function readRegexp(stream) {
    var escaped = false, next, inSet = false;
    while ((next = stream.next()) != null) {
      if (!escaped) {
        if (next == ""/"" && !inSet) return;
        if (next == ""["") inSet = true;
        else if (inSet && next == ""]"") inSet = false;
      }
      escaped = !escaped && next == ""\\"";
    }
  }

  // Used as scratch variables to communicate multiple values without
  // consing up tons of objects.
  var type, content;
  function ret(tp, style, cont) {
    type = tp; content = cont;
    return style;",1,CVE-2020-7760,CWE-400,codemirror/CodeMirror,55d0333907117c9231ffdf555ae8824705993bbb,javascript
"function kw(type) {return {type: type, style: ""keyword""};}
    var A = kw(""keyword a""), B = kw(""keyword b""), C = kw(""keyword c""), D = kw(""keyword d"");
    var operator = kw(""operator""), atom = {type: ""atom"", style: ""atom""};

    return {
      ""if"": kw(""if""), ""while"": A, ""with"": A, ""else"": B, ""do"": B, ""try"": B, ""finally"": B,
      ""return"": D, ""break"": D, ""continue"": D, ""new"": kw(""new""), ""delete"": C, ""void"": C, ""throw"": C,
      ""debugger"": kw(""debugger""), ""var"": kw(""var""), ""const"": kw(""var""), ""let"": kw(""var""),
      ""function"": kw(""function""), ""catch"": kw(""catch""),
      ""for"": kw(""for""), ""switch"": kw(""switch""), ""case"": kw(""case""), ""default"": kw(""default""),
      ""in"": operator, ""typeof"": operator, ""instanceof"": operator,
      ""true"": atom, ""false"": atom, ""null"": atom, ""undefined"": atom, ""NaN"": atom, ""Infinity"": atom,
      ""this"": kw(""this""), ""class"": kw(""class""), ""super"": kw(""atom""),
      ""yield"": C, ""export"": kw(""export""), ""import"": kw(""import""), ""extends"": C,
      ""await"": C
    };
  }();

  var isOperatorChar = /[+\-*&%=<>!?|~^@]/;
  var isJsonldKeyword = /^@(context|id|value|language|type|container|list|set|reverse|index|base|vocab|graph)""/;

  function readRegexp(stream) {
    var escaped = false, next, inSet = false;
    while ((next = stream.next()) != null) {
      if (!escaped) {
        if (next == ""/"" && !inSet) return;
        if (next == ""["") inSet = true;
        else if (inSet && next == ""]"") inSet = false;
      }
      escaped = !escaped && next == ""\\"";
    }
  }

  // Used as scratch variables to communicate multiple values without
  // consing up tons of objects.
  var type, content;
  function ret(tp, style, cont) {
    type = tp; content = cont;
    return style;
  }",1,CVE-2020-7760,CWE-400,codemirror/CodeMirror,55d0333907117c9231ffdf555ae8824705993bbb,javascript
"function readRegexp(stream) {
    var escaped = false, next, inSet = false;
    while ((next = stream.next()) != null) {
      if (!escaped) {
        if (next == ""/"" && !inSet) return;
        if (next == ""["") inSet = true;
        else if (inSet && next == ""]"") inSet = false;
      }
      escaped = !escaped && next == ""\\"";
    }
  }

  // Used as scratch variables to communicate multiple values without
  // consing up tons of objects.
  var type, content;
  function ret(tp, style, cont) {
    type = tp; content = cont;
    return style;
  }
  function tokenBase(stream, state) {
    var ch = stream.next();
    if (ch == '""' || ch == ""'"") {
      state.tokenize = tokenString(ch);
      return state.tokenize(stream, state);
    } else if (ch == ""."" && stream.match(/^\d[\d_]*(?:[eE][+\-]?[\d_]+)?/)) {
      return ret(""number"", ""number"");
    } else if (ch == ""."" && stream.match("".."")) {
      return ret(""spread"", ""meta"");
    } else if (/[\[\]{}\(\),;\:\.]/.test(ch)) {
      return ret(ch);
    } else if (ch == ""="" && stream.eat("">"")) {
      return ret(""=>"", ""operator"");
    } else if (ch == ""0"" && stream.match(/^(?:x[\dA-Fa-f_]+|o[0-7_]+|b[01_]+)n?/)) {
      return ret(""number"", ""number"");
    } else if (/\d/.test(ch)) {
      stream.match(/^[\d_]*(?:n|(?:\.[\d_]*)?(?:[eE][+\-]?[\d_]+)?)?/);
      return ret(""number"", ""number"");
    } else if (ch == ""/"") {
      if (stream.eat(""*"")) {
        state.tokenize = tokenComment;",1,CVE-2020-7760,CWE-400,codemirror/CodeMirror,55d0333907117c9231ffdf555ae8824705993bbb,javascript
"const callback = (err, success) => {
      if (!success) {
        sendErrorMessage(req, res, err);
        return;
      }

      if (req._query.sid) {
        debug(""setting new request for existing client"");
        this.clients[req._query.sid].transport.onRequest(req);
      } else {
        this.handshake(req._query.transport, req);
      }
    };

    if (this.corsMiddleware) {
      this.corsMiddleware.call(null, req, res, () => {
        this.verify(req, false, callback);
      });
    } else {
      this.verify(req, false, callback);
    }
  }

  /**
   * generate a socket id.
   * Overwrite this method to generate your custom socket id
   *
   * @param {Object} request object
   * @api public
   */
  generateId(req) {
    return base64id.generateId();
  }

  /**
   * Handshakes a new client.
   *
   * @param {String} transport name
   * @param {Object} request object
   * @api private",1,CVE-2020-36048,CWE-400,socketio/engine.io,734f9d1268840722c41219e69eb58318e0b2ac6b,javascript
"function onUpgradeError() {
      debug(""websocket error before upgrade"");
      // socket.close() not needed
    }
  }

  /**
   * Captures upgrade requests for a http.Server.
   *
   * @param {http.Server} server
   * @param {Object} options
   * @api public
   */
  attach(server, options) {
    const self = this;
    options = options || {};
    let path = (options.path || ""/engine.io"").replace(/\/$/, """");

    const destroyUpgradeTimeout = options.destroyUpgradeTimeout || 1000;

    // normalize path
    path += ""/"";

    function check(req) {
      return path === req.url.substr(0, path.length);
    }

    // cache and clean up listeners
    const listeners = server.listeners(""request"").slice(0);
    server.removeAllListeners(""request"");
    server.on(""close"", self.close.bind(self));
    server.on(""listening"", self.init.bind(self));

    // add request handler
    server.on(""request"", function(req, res) {
      if (check(req)) {
        debug('intercepting request for path ""%s""', path);
        self.handleRequest(req, res);
      } else {
        let i = 0;",1,CVE-2020-36048,CWE-400,socketio/engine.io,734f9d1268840722c41219e69eb58318e0b2ac6b,javascript
"function check(req) {
      return path === req.url.substr(0, path.length);
    }

    // cache and clean up listeners
    const listeners = server.listeners(""request"").slice(0);
    server.removeAllListeners(""request"");
    server.on(""close"", self.close.bind(self));
    server.on(""listening"", self.init.bind(self));

    // add request handler
    server.on(""request"", function(req, res) {
      if (check(req)) {
        debug('intercepting request for path ""%s""', path);
        self.handleRequest(req, res);
      } else {
        let i = 0;
        const l = listeners.length;
        for (; i < l; i++) {
          listeners[i].call(server, req, res);
        }
      }
    });

    if (~self.opts.transports.indexOf(""websocket"")) {
      server.on(""upgrade"", function(req, socket, head) {
        if (check(req)) {
          self.handleUpgrade(req, socket, head);
        } else if (false !== options.destroyUpgrade) {
          // default node behavior is to disconnect when no handlers
          // but by adding a handler, we prevent that
          // and if no eio thing handles the upgrade
          // then the socket needs to die!
          setTimeout(function() {
            if (socket.writable && socket.bytesWritten <= 0) {
              return socket.end();
            }
          }, destroyUpgradeTimeout);
        }
      });",1,CVE-2020-36048,CWE-400,socketio/engine.io,734f9d1268840722c41219e69eb58318e0b2ac6b,javascript
"validate: function( options ) {

		// If nothing is selected, return nothing; can't chain anyway
		if ( !this.length ) {
			if ( options && options.debug && window.console ) {
				console.warn( ""Nothing selected, can't validate, returning nothing."" );
			}
			return;
		}

		// Check if a validator for this form was already created
		var validator = $.data( this[ 0 ], ""validator"" );
		if ( validator ) {
			return validator;
		}

		// Add novalidate tag if HTML5.
		this.attr( ""novalidate"", ""novalidate"" );

		validator = new $.validator( options, this[ 0 ] );
		$.data( this[ 0 ], ""validator"", validator );

		if ( validator.settings.onsubmit ) {

			this.on( ""click.validate"", "":submit"", function( event ) {

				// Track the used submit button to properly handle scripted
				// submits later.
				validator.submitButton = event.currentTarget;

				// Allow suppressing validation by adding a cancel class to the submit button
				if ( $( this ).hasClass( ""cancel"" ) ) {
					validator.cancelSubmit = true;
				}

				// Allow suppressing validation by adding the html5 formnovalidate attribute to the submit button
				if ( $( this ).attr( ""formnovalidate"" ) !== undefined ) {
					validator.cancelSubmit = true;
				}
			} );",1,CVE-2021-21252,CWE-400,jquery-validation/jquery-validation,5d8f29eef363d043a8fec4eb86d42cadb5fa5f7d,javascript
"function handle() {
					var hidden, result;

					// Insert a hidden input as a replacement for the missing submit button
					// The hidden input is inserted in two cases:
					//   - A user defined a `submitHandler`
					//   - There was a pending request due to `remote` method and `stopRequest()`
					//     was called to submit the form in case it's valid
					if ( validator.submitButton && ( validator.settings.submitHandler || validator.formSubmitted ) ) {
						hidden = $( ""<input type='hidden'/>"" )
							.attr( ""name"", validator.submitButton.name )
							.val( $( validator.submitButton ).val() )
							.appendTo( validator.currentForm );
					}

					if ( validator.settings.submitHandler && !validator.settings.debug ) {
						result = validator.settings.submitHandler.call( validator, validator.currentForm, event );
						if ( hidden ) {

							// And clean up afterwards; thanks to no-block-scope, hidden can be referenced
							hidden.remove();
						}
						if ( result !== undefined ) {
							return result;
						}
						return false;
					}
					return true;
				}

				// Prevent submit for invalid forms or custom submit handlers
				if ( validator.cancelSubmit ) {
					validator.cancelSubmit = false;
					return handle();
				}
				if ( validator.form() ) {
					if ( validator.pendingRequest ) {
						validator.formSubmitted = true;
						return false;
					}",1,CVE-2021-21252,CWE-400,jquery-validation/jquery-validation,5d8f29eef363d043a8fec4eb86d42cadb5fa5f7d,javascript
"valid: function() {
		var valid, validator, errorList;

		if ( $( this[ 0 ] ).is( ""form"" ) ) {
			valid = this.validate().form();
		} else {
			errorList = [];
			valid = true;
			validator = $( this[ 0 ].form ).validate();
			this.each( function() {
				valid = validator.element( this ) && valid;
				if ( !valid ) {
					errorList = errorList.concat( validator.errorList );
				}
			} );
			validator.errorList = errorList;
		}
		return valid;
	},

	// https://jqueryvalidation.org/rules/
	rules: function( command, argument ) {
		var element = this[ 0 ],
			isContentEditable = typeof this.attr( ""contenteditable"" ) !== ""undefined"" && this.attr( ""contenteditable"" ) !== ""false"",
			settings, staticRules, existingRules, data, param, filtered;

		// If nothing is selected, return empty object; can't chain anyway
		if ( element == null ) {
			return;
		}

		if ( !element.form && isContentEditable ) {
			element.form = this.closest( ""form"" )[ 0 ];
			element.name = this.attr( ""name"" );
		}

		if ( element.form == null ) {
			return;
		}
",1,CVE-2021-21252,CWE-400,jquery-validation/jquery-validation,5d8f29eef363d043a8fec4eb86d42cadb5fa5f7d,javascript
"function createCommonjsModule(fn) {
  var module = { exports: {} };
	return fn(module, module.exports), module.exports;
}

var defaults = createCommonjsModule(function (module) {
function getDefaults() {
  return {
    baseUrl: null,
    breaks: false,
    gfm: true,
    headerIds: true,
    headerPrefix: '',
    highlight: null,
    langPrefix: 'language-',
    mangle: true,
    pedantic: false,
    renderer: null,
    sanitize: false,
    sanitizer: null,
    silent: false,
    smartLists: false,
    smartypants: false,
    tokenizer: null,
    walkTokens: null,
    xhtml: false
  };
}

function changeDefaults(newDefaults) {
  module.exports.defaults = newDefaults;
}

module.exports = {
  defaults: getDefaults(),
  getDefaults,
  changeDefaults
};
});
",1,CVE-2021-21306,CWE-400,markedjs/marked,7293251c438e3ee968970f7609f1a27f9007bccd,javascript
"function getDefaults() {
  return {
    baseUrl: null,
    breaks: false,
    gfm: true,
    headerIds: true,
    headerPrefix: '',
    highlight: null,
    langPrefix: 'language-',
    mangle: true,
    pedantic: false,
    renderer: null,
    sanitize: false,
    sanitizer: null,
    silent: false,
    smartLists: false,
    smartypants: false,
    tokenizer: null,
    walkTokens: null,
    xhtml: false
  };
}

function changeDefaults(newDefaults) {
  module.exports.defaults = newDefaults;
}

module.exports = {
  defaults: getDefaults(),
  getDefaults,
  changeDefaults
};
});

/**
 * Helpers
 */
const escapeTest = /[&<>""']/;
const escapeReplace = /[&<>""']/g;
const escapeTestNoEncode = /[<>""']|&(?!#?\w+;)/;",1,CVE-2021-21306,CWE-400,markedjs/marked,7293251c438e3ee968970f7609f1a27f9007bccd,javascript
"function changeDefaults(newDefaults) {
  module.exports.defaults = newDefaults;
}

module.exports = {
  defaults: getDefaults(),
  getDefaults,
  changeDefaults
};
});

/**
 * Helpers
 */
const escapeTest = /[&<>""']/;
const escapeReplace = /[&<>""']/g;
const escapeTestNoEncode = /[<>""']|&(?!#?\w+;)/;
const escapeReplaceNoEncode = /[<>""']|&(?!#?\w+;)/g;
const escapeReplacements = {
  '&': '&amp;',
  '<': '&lt;',
  '>': '&gt;',
  '""': '&quot;',
  ""'"": '&#39;'
};
const getEscapeReplacement = (ch) => escapeReplacements[ch];
function escape(html, encode) {
  if (encode) {
    if (escapeTest.test(html)) {
      return html.replace(escapeReplace, getEscapeReplacement);
    }
  } else {
    if (escapeTestNoEncode.test(html)) {
      return html.replace(escapeReplaceNoEncode, getEscapeReplacement);
    }
  }

  return html;
}
",1,CVE-2021-21306,CWE-400,markedjs/marked,7293251c438e3ee968970f7609f1a27f9007bccd,javascript
"function _defineProperties(target, props) {
    for (var i = 0; i < props.length; i++) {
      var descriptor = props[i];
      descriptor.enumerable = descriptor.enumerable || false;
      descriptor.configurable = true;
      if (""value"" in descriptor) descriptor.writable = true;
      Object.defineProperty(target, descriptor.key, descriptor);
    }
  }

  function _createClass(Constructor, protoProps, staticProps) {
    if (protoProps) _defineProperties(Constructor.prototype, protoProps);
    if (staticProps) _defineProperties(Constructor, staticProps);
    return Constructor;
  }

  function _unsupportedIterableToArray(o, minLen) {
    if (!o) return;
    if (typeof o === ""string"") return _arrayLikeToArray(o, minLen);
    var n = Object.prototype.toString.call(o).slice(8, -1);
    if (n === ""Object"" && o.constructor) n = o.constructor.name;
    if (n === ""Map"" || n === ""Set"") return Array.from(o);
    if (n === ""Arguments"" || /^(?:Ui|I)nt(?:8|16|32)(?:Clamped)?Array$/.test(n)) return _arrayLikeToArray(o, minLen);
  }

  function _arrayLikeToArray(arr, len) {
    if (len == null || len > arr.length) len = arr.length;

    for (var i = 0, arr2 = new Array(len); i < len; i++) arr2[i] = arr[i];

    return arr2;
  }

  function _createForOfIteratorHelperLoose(o, allowArrayLike) {
    var it;

    if (typeof Symbol === ""undefined"" || o[Symbol.iterator] == null) {
      if (Array.isArray(o) || (it = _unsupportedIterableToArray(o)) || allowArrayLike && o && typeof o.length === ""number"") {
        if (it) o = it;
        var i = 0;",1,CVE-2021-21306,CWE-400,markedjs/marked,7293251c438e3ee968970f7609f1a27f9007bccd,javascript
"function _createClass(Constructor, protoProps, staticProps) {
    if (protoProps) _defineProperties(Constructor.prototype, protoProps);
    if (staticProps) _defineProperties(Constructor, staticProps);
    return Constructor;
  }

  function _unsupportedIterableToArray(o, minLen) {
    if (!o) return;
    if (typeof o === ""string"") return _arrayLikeToArray(o, minLen);
    var n = Object.prototype.toString.call(o).slice(8, -1);
    if (n === ""Object"" && o.constructor) n = o.constructor.name;
    if (n === ""Map"" || n === ""Set"") return Array.from(o);
    if (n === ""Arguments"" || /^(?:Ui|I)nt(?:8|16|32)(?:Clamped)?Array$/.test(n)) return _arrayLikeToArray(o, minLen);
  }

  function _arrayLikeToArray(arr, len) {
    if (len == null || len > arr.length) len = arr.length;

    for (var i = 0, arr2 = new Array(len); i < len; i++) arr2[i] = arr[i];

    return arr2;
  }

  function _createForOfIteratorHelperLoose(o, allowArrayLike) {
    var it;

    if (typeof Symbol === ""undefined"" || o[Symbol.iterator] == null) {
      if (Array.isArray(o) || (it = _unsupportedIterableToArray(o)) || allowArrayLike && o && typeof o.length === ""number"") {
        if (it) o = it;
        var i = 0;
        return function () {
          if (i >= o.length) return {
            done: true
          };
          return {
            done: false,
            value: o[i++]
          };
        };
      }",1,CVE-2021-21306,CWE-400,markedjs/marked,7293251c438e3ee968970f7609f1a27f9007bccd,javascript
"function _unsupportedIterableToArray(o, minLen) {
    if (!o) return;
    if (typeof o === ""string"") return _arrayLikeToArray(o, minLen);
    var n = Object.prototype.toString.call(o).slice(8, -1);
    if (n === ""Object"" && o.constructor) n = o.constructor.name;
    if (n === ""Map"" || n === ""Set"") return Array.from(o);
    if (n === ""Arguments"" || /^(?:Ui|I)nt(?:8|16|32)(?:Clamped)?Array$/.test(n)) return _arrayLikeToArray(o, minLen);
  }

  function _arrayLikeToArray(arr, len) {
    if (len == null || len > arr.length) len = arr.length;

    for (var i = 0, arr2 = new Array(len); i < len; i++) arr2[i] = arr[i];

    return arr2;
  }

  function _createForOfIteratorHelperLoose(o, allowArrayLike) {
    var it;

    if (typeof Symbol === ""undefined"" || o[Symbol.iterator] == null) {
      if (Array.isArray(o) || (it = _unsupportedIterableToArray(o)) || allowArrayLike && o && typeof o.length === ""number"") {
        if (it) o = it;
        var i = 0;
        return function () {
          if (i >= o.length) return {
            done: true
          };
          return {
            done: false,
            value: o[i++]
          };
        };
      }

      throw new TypeError(""Invalid attempt to iterate non-iterable instance.\nIn order to be iterable, non-array objects must have a [Symbol.iterator]() method."");
    }

    it = o[Symbol.iterator]();
    return it.next.bind(it);",1,CVE-2021-21306,CWE-400,markedjs/marked,7293251c438e3ee968970f7609f1a27f9007bccd,javascript
"function i(e,t){for(var n=0;n<t.length;n++){var r=t[n];r.enumerable=r.enumerable||!1,r.configurable=!0,""value""in r&&(r.writable=!0),Object.defineProperty(e,r.key,r)}}function s(e,t){(null==t||t>e.length)&&(t=e.length);for(var n=0,r=new Array(t);n<t;n++)r[n]=e[n];return r}function p(e,t){var n;if(""undefined""!=typeof Symbol&&null!=e[Symbol.iterator])return(n=e[Symbol.iterator]()).next.bind(n);if(Array.isArray(e)||(n=function(e,t){if(e){if(""string""==typeof e)return s(e,t);var n=Object.prototype.toString.call(e).slice(8,-1);return""Map""===(n=""Object""===n&&e.constructor?e.constructor.name:n)||""Set""===n?Array.from(e):""Arguments""===n||/^(?:Ui|I)nt(?:8|16|32)(?:Clamped)?Array$/.test(n)?s(e,t):void 0}}(e))||t&&e&&""number""==typeof e.length){n&&(e=n);var r=0;return function(){return r>=e.length?{done:!0}:{done:!1,value:e[r++]}}}throw new TypeError(""Invalid attempt to iterate non-iterable instance.\nIn order to be iterable, non-array objects must have a [Symbol.iterator]() method."")}function n(e){return c[e]}var e,t=(function(t){function e(){return{baseUrl:null,breaks:!1,gfm:!0,headerIds:!0,headerPrefix:"""",highlight:null,langPrefix:""language-"",mangle:!0,pedantic:!1,renderer:null,sanitize:!1,sanitizer:null,silent:!1,smartLists:!1,smartypants:!1,tokenizer:null,walkTokens:null,xhtml:!1}}t.exports={defaults:e(),getDefaults:e,changeDefaults:function(e){t.exports.defaults=e}}}(e={exports:{}}),e.exports),r=/[&<>""']/,l=/[&<>""']/g,a=/[<>""']|&(?!#?\w+;)/,o=/[<>""']|&(?!#?\w+;)/g,c={""&"":""&amp;"",""<"":""&lt;"","">"":""&gt;"",'""':""&quot;"",""'"":""&#39;""};var u=/&(#(?:\d+)|(?:#x[0-9A-Fa-f]+)|(?:\w+));?/gi;function h(e){return e.replace(u,function(e,t){return""colon""===(t=t.toLowerCase())?"":"":""#""===t.charAt(0)?""x""===t.charAt(1)?String.fromCharCode(parseInt(t.substring(2),16)):String.fromCharCode(+t.substring(1)):""""})}var g=/(^|[^\[])\^/g;var f=/[^\w:]/g,d=/^$|^[a-z][a-z0-9+.-]*:|^[?#]/i;var k={},b=/^[^:]+:\/*[^/]*$/,m=/^([^:]+:)[\s\S]*$/,x=/^([^:]+:\/*[^/]*)[\s\S]*$/;function w(e,t){k["" ""+e]||(b.test(e)?k[",1,CVE-2021-21306,CWE-400,markedjs/marked,7293251c438e3ee968970f7609f1a27f9007bccd,javascript
"function s(e,t){(null==t||t>e.length)&&(t=e.length);for(var n=0,r=new Array(t);n<t;n++)r[n]=e[n];return r}function p(e,t){var n;if(""undefined""!=typeof Symbol&&null!=e[Symbol.iterator])return(n=e[Symbol.iterator]()).next.bind(n);if(Array.isArray(e)||(n=function(e,t){if(e){if(""string""==typeof e)return s(e,t);var n=Object.prototype.toString.call(e).slice(8,-1);return""Map""===(n=""Object""===n&&e.constructor?e.constructor.name:n)||""Set""===n?Array.from(e):""Arguments""===n||/^(?:Ui|I)nt(?:8|16|32)(?:Clamped)?Array$/.test(n)?s(e,t):void 0}}(e))||t&&e&&""number""==typeof e.length){n&&(e=n);var r=0;return function(){return r>=e.length?{done:!0}:{done:!1,value:e[r++]}}}throw new TypeError(""Invalid attempt to iterate non-iterable instance.\nIn order to be iterable, non-array objects must have a [Symbol.iterator]() method."")}function n(e){return c[e]}var e,t=(function(t){function e(){return{baseUrl:null,breaks:!1,gfm:!0,headerIds:!0,headerPrefix:"""",highlight:null,langPrefix:""language-"",mangle:!0,pedantic:!1,renderer:null,sanitize:!1,sanitizer:null,silent:!1,smartLists:!1,smartypants:!1,tokenizer:null,walkTokens:null,xhtml:!1}}t.exports={defaults:e(),getDefaults:e,changeDefaults:function(e){t.exports.defaults=e}}}(e={exports:{}}),e.exports),r=/[&<>""']/,l=/[&<>""']/g,a=/[<>""']|&(?!#?\w+;)/,o=/[<>""']|&(?!#?\w+;)/g,c={""&"":""&amp;"",""<"":""&lt;"","">"":""&gt;"",'""':""&quot;"",""'"":""&#39;""};var u=/&(#(?:\d+)|(?:#x[0-9A-Fa-f]+)|(?:\w+));?/gi;function h(e){return e.replace(u,function(e,t){return""colon""===(t=t.toLowerCase())?"":"":""#""===t.charAt(0)?""x""===t.charAt(1)?String.fromCharCode(parseInt(t.substring(2),16)):String.fromCharCode(+t.substring(1)):""""})}var g=/(^|[^\[])\^/g;var f=/[^\w:]/g,d=/^$|^[a-z][a-z0-9+.-]*:|^[?#]/i;var k={},b=/^[^:]+:\/*[^/]*$/,m=/^([^:]+:)[\s\S]*$/,x=/^([^:]+:\/*[^/]*)[\s\S]*$/;function w(e,t){k["" ""+e]||(b.test(e)?k["" ""+e]=e+""/"":k["" ""+e]=v(e,""/"",!0));var n=-1===(e=k["" ""+e]).indexOf("":"");return""//""===t.substring(0,2)?n?t:e.replace(m,""$1"")+t:""/""===t.charAt(0)?n?t:e.replace(x,""$1"")+",1,CVE-2021-21306,CWE-400,markedjs/marked,7293251c438e3ee968970f7609f1a27f9007bccd,javascript
"function p(e,t){var n;if(""undefined""!=typeof Symbol&&null!=e[Symbol.iterator])return(n=e[Symbol.iterator]()).next.bind(n);if(Array.isArray(e)||(n=function(e,t){if(e){if(""string""==typeof e)return s(e,t);var n=Object.prototype.toString.call(e).slice(8,-1);return""Map""===(n=""Object""===n&&e.constructor?e.constructor.name:n)||""Set""===n?Array.from(e):""Arguments""===n||/^(?:Ui|I)nt(?:8|16|32)(?:Clamped)?Array$/.test(n)?s(e,t):void 0}}(e))||t&&e&&""number""==typeof e.length){n&&(e=n);var r=0;return function(){return r>=e.length?{done:!0}:{done:!1,value:e[r++]}}}throw new TypeError(""Invalid attempt to iterate non-iterable instance.\nIn order to be iterable, non-array objects must have a [Symbol.iterator]() method."")}function n(e){return c[e]}var e,t=(function(t){function e(){return{baseUrl:null,breaks:!1,gfm:!0,headerIds:!0,headerPrefix:"""",highlight:null,langPrefix:""language-"",mangle:!0,pedantic:!1,renderer:null,sanitize:!1,sanitizer:null,silent:!1,smartLists:!1,smartypants:!1,tokenizer:null,walkTokens:null,xhtml:!1}}t.exports={defaults:e(),getDefaults:e,changeDefaults:function(e){t.exports.defaults=e}}}(e={exports:{}}),e.exports),r=/[&<>""']/,l=/[&<>""']/g,a=/[<>""']|&(?!#?\w+;)/,o=/[<>""']|&(?!#?\w+;)/g,c={""&"":""&amp;"",""<"":""&lt;"","">"":""&gt;"",'""':""&quot;"",""'"":""&#39;""};var u=/&(#(?:\d+)|(?:#x[0-9A-Fa-f]+)|(?:\w+));?/gi;function h(e){return e.replace(u,function(e,t){return""colon""===(t=t.toLowerCase())?"":"":""#""===t.charAt(0)?""x""===t.charAt(1)?String.fromCharCode(parseInt(t.substring(2),16)):String.fromCharCode(+t.substring(1)):""""})}var g=/(^|[^\[])\^/g;var f=/[^\w:]/g,d=/^$|^[a-z][a-z0-9+.-]*:|^[?#]/i;var k={},b=/^[^:]+:\/*[^/]*$/,m=/^([^:]+:)[\s\S]*$/,x=/^([^:]+:\/*[^/]*)[\s\S]*$/;function w(e,t){k["" ""+e]||(b.test(e)?k["" ""+e]=e+""/"":k["" ""+e]=v(e,""/"",!0));var n=-1===(e=k["" ""+e]).indexOf("":"");return""//""===t.substring(0,2)?n?t:e.replace(m,""$1"")+t:""/""===t.charAt(0)?n?t:e.replace(x,""$1"")+t:e+t}function v(e,t,n){var r=e.length;if(0===r)return"""";for(var i=0;i<r;){var s=e.charAt(r-i-1);if(s!==t|",1,CVE-2021-21306,CWE-400,markedjs/marked,7293251c438e3ee968970f7609f1a27f9007bccd,javascript
"function smartypants(text) {
  return text
    // em-dashes
    .replace(/---/g, '\u2014')
    // en-dashes
    .replace(/--/g, '\u2013')
    // opening singles
    .replace(/(^|[-\u2014/(\[{""\s])'/g, '$1\u2018')
    // closing singles & apostrophes
    .replace(/'/g, '\u2019')
    // opening doubles
    .replace(/(^|[-\u2014/(\[{\u2018\s])""/g, '$1\u201c')
    // closing doubles
    .replace(/""/g, '\u201d')
    // ellipses
    .replace(/\.{3}/g, '\u2026');
}

/**
 * mangle email addresses
 */
function mangle(text) {
  let out = '',
    i,
    ch;

  const l = text.length;
  for (i = 0; i < l; i++) {
    ch = text.charCodeAt(i);
    if (Math.random() > 0.5) {
      ch = 'x' + ch.toString(16);
    }
    out += '&#' + ch + ';';
  }

  return out;
}

/**
 * Block Lexer",1,CVE-2021-21306,CWE-400,markedjs/marked,7293251c438e3ee968970f7609f1a27f9007bccd,javascript
"function mangle(text) {
  let out = '',
    i,
    ch;

  const l = text.length;
  for (i = 0; i < l; i++) {
    ch = text.charCodeAt(i);
    if (Math.random() > 0.5) {
      ch = 'x' + ch.toString(16);
    }
    out += '&#' + ch + ';';
  }

  return out;
}

/**
 * Block Lexer
 */
module.exports = class Lexer {
  constructor(options) {
    this.tokens = [];
    this.tokens.links = Object.create(null);
    this.options = options || defaults;
    this.options.tokenizer = this.options.tokenizer || new Tokenizer();
    this.tokenizer = this.options.tokenizer;
    this.tokenizer.options = this.options;

    const rules = {
      block: block.normal,
      inline: inline.normal
    };

    if (this.options.pedantic) {
      rules.block = block.pedantic;
      rules.inline = inline.pedantic;
    } else if (this.options.gfm) {
      rules.block = block.gfm;
      if (this.options.breaks) {",1,CVE-2021-21306,CWE-400,markedjs/marked,7293251c438e3ee968970f7609f1a27f9007bccd,javascript
"function outputLink(cap, link, raw) {
  const href = link.href;
  const title = link.title ? escape(link.title) : null;
  const text = cap[1].replace(/\\([\[\]])/g, '$1');

  if (cap[0].charAt(0) !== '!') {
    return {
      type: 'link',
      raw,
      href,
      title,
      text
    };
  } else {
    return {
      type: 'image',
      raw,
      href,
      title,
      text: escape(text)
    };
  }
}

function indentCodeCompensation(raw, text) {
  const matchIndentToCode = raw.match(/^(\s+)(?:```)/);

  if (matchIndentToCode === null) {
    return text;
  }

  const indentToCode = matchIndentToCode[1];

  return text
    .split('\n')
    .map(node => {
      const matchIndentInNode = node.match(/^\s+/);
      if (matchIndentInNode === null) {
        return node;
      }",1,CVE-2021-21306,CWE-400,markedjs/marked,7293251c438e3ee968970f7609f1a27f9007bccd,javascript
"function indentCodeCompensation(raw, text) {
  const matchIndentToCode = raw.match(/^(\s+)(?:```)/);

  if (matchIndentToCode === null) {
    return text;
  }

  const indentToCode = matchIndentToCode[1];

  return text
    .split('\n')
    .map(node => {
      const matchIndentInNode = node.match(/^\s+/);
      if (matchIndentInNode === null) {
        return node;
      }

      const [indentInNode] = matchIndentInNode;

      if (indentInNode.length >= indentToCode.length) {
        return node.slice(indentToCode.length);
      }

      return node;
    })
    .join('\n');
}

/**
 * Tokenizer
 */
module.exports = class Tokenizer {
  constructor(options) {
    this.options = options || defaults;
  }

  space(src) {
    const cap = this.rules.block.newline.exec(src);
    if (cap) {
      if (cap[0].length > 1) {",1,CVE-2021-21306,CWE-400,markedjs/marked,7293251c438e3ee968970f7609f1a27f9007bccd,javascript
"function addListeners(server, map) {
  for (const event of Object.keys(map)) server.on(event, map[event]);

  return function removeListeners() {
    for (const event of Object.keys(map)) {
      server.removeListener(event, map[event]);
    }
  };
}

/**
 * Emit a `'close'` event on an `EventEmitter`.
 *
 * @param {EventEmitter} server The event emitter
 * @private
 */
function emitClose(server) {
  server.emit('close');
}

/**
 * Handle premature socket errors.
 *
 * @private
 */
function socketOnError() {
  this.destroy();
}

/**
 * Close the connection when preconditions are not fulfilled.
 *
 * @param {net.Socket} socket The socket of the upgrade request
 * @param {Number} code The HTTP response status code
 * @param {String} [message] The HTTP response body
 * @param {Object} [headers] Additional HTTP response headers
 * @private
 */
function abortHandshake(socket, code, message, headers) {
  if (socket.writable) {",1,CVE-2021-32640,CWE-400,websockets/ws,00c425ec77993773d823f018f64a5c44e17023ff,javascript
"function removeListeners() {
    for (const event of Object.keys(map)) {
      server.removeListener(event, map[event]);
    }
  };
}

/**
 * Emit a `'close'` event on an `EventEmitter`.
 *
 * @param {EventEmitter} server The event emitter
 * @private
 */
function emitClose(server) {
  server.emit('close');
}

/**
 * Handle premature socket errors.
 *
 * @private
 */
function socketOnError() {
  this.destroy();
}

/**
 * Close the connection when preconditions are not fulfilled.
 *
 * @param {net.Socket} socket The socket of the upgrade request
 * @param {Number} code The HTTP response status code
 * @param {String} [message] The HTTP response body
 * @param {Object} [headers] Additional HTTP response headers
 * @private
 */
function abortHandshake(socket, code, message, headers) {
  if (socket.writable) {
    message = message || STATUS_CODES[code];
    headers = {
      Connection: 'close',",1,CVE-2021-32640,CWE-400,websockets/ws,00c425ec77993773d823f018f64a5c44e17023ff,javascript
"function emitClose(server) {
  server.emit('close');
}

/**
 * Handle premature socket errors.
 *
 * @private
 */
function socketOnError() {
  this.destroy();
}

/**
 * Close the connection when preconditions are not fulfilled.
 *
 * @param {net.Socket} socket The socket of the upgrade request
 * @param {Number} code The HTTP response status code
 * @param {String} [message] The HTTP response body
 * @param {Object} [headers] Additional HTTP response headers
 * @private
 */
function abortHandshake(socket, code, message, headers) {
  if (socket.writable) {
    message = message || STATUS_CODES[code];
    headers = {
      Connection: 'close',
      'Content-Type': 'text/html',
      'Content-Length': Buffer.byteLength(message),
      ...headers
    };

    socket.write(
      `HTTP/1.1 ${code} ${STATUS_CODES[code]}\r\n` +
        Object.keys(headers)
          .map((h) => `${h}: ${headers[h]}`)
          .join('\r\n') +
        '\r\n\r\n' +
        message
    );",1,CVE-2021-32640,CWE-400,websockets/ws,00c425ec77993773d823f018f64a5c44e17023ff,javascript
"function parse (jsonString) {
  try {
    return JSON.parse(jsonString)
  } catch (err) {
    // try to throw a more detailed error message using validate
    validate(jsonString)

    // rethrow the original error
    throw err
  }
}

/**
 * Try to fix the JSON string. If not successful, return the original string
 * @param {string} jsonString
 */
export function tryJsonRepair (jsonString) {
  try {
    return jsonrepair(jsonString)
  } catch (err) {
    // repair was not successful, return original text
    return jsonString
  }
}

/**
 * Escape unicode characters.
 * For example input '\u2661' (length 1) will output '\\u2661' (length 5).
 * @param {string} text
 * @return {string}
 */
export function escapeUnicodeChars (
  // see https://www.wikiwand.com/en/UTF-16
  text
) {
  return (
    // note: we leave surrogate pairs as two individual chars,
    // as JSON doesn't interpret them as a single unicode char.
    text.replace(
      /[\u007F-\uFFFF]/g,",1,CVE-2021-3822,CWE-400,josdejong/jsoneditor,092e386cf49f2a1450625617da8e0137ed067c3e,javascript
"function tryJsonRepair (jsonString) {
  try {
    return jsonrepair(jsonString)
  } catch (err) {
    // repair was not successful, return original text
    return jsonString
  }
}

/**
 * Escape unicode characters.
 * For example input '\u2661' (length 1) will output '\\u2661' (length 5).
 * @param {string} text
 * @return {string}
 */
export function escapeUnicodeChars (
  // see https://www.wikiwand.com/en/UTF-16
  text
) {
  return (
    // note: we leave surrogate pairs as two individual chars,
    // as JSON doesn't interpret them as a single unicode char.
    text.replace(
      /[\u007F-\uFFFF]/g,
      c => '\\u' + ('0000' + c.charCodeAt(0).toString(16)).slice(-4)
    )
  )
}

/**
 * Validate a string containing a JSON object
 * This method uses JSONLint to validate the String. If JSONLint is not
 * available, the built-in JSON parser of the browser is used.
 * @param {String} jsonString   String with an (invalid) JSON object
 * @throws Error
 */
export function validate (jsonString) {
  if (typeof (jsonlint) !== 'undefined') {
    jsonlint.parse(jsonString)
  } else {",1,CVE-2021-3822,CWE-400,josdejong/jsoneditor,092e386cf49f2a1450625617da8e0137ed067c3e,javascript
"function escapeUnicodeChars (
  // see https://www.wikiwand.com/en/UTF-16
  text
) {
  return (
    // note: we leave surrogate pairs as two individual chars,
    // as JSON doesn't interpret them as a single unicode char.
    text.replace(
      /[\u007F-\uFFFF]/g,
      c => '\\u' + ('0000' + c.charCodeAt(0).toString(16)).slice(-4)
    )
  )
}

/**
 * Validate a string containing a JSON object
 * This method uses JSONLint to validate the String. If JSONLint is not
 * available, the built-in JSON parser of the browser is used.
 * @param {String} jsonString   String with an (invalid) JSON object
 * @throws Error
 */
export function validate (jsonString) {
  if (typeof (jsonlint) !== 'undefined') {
    jsonlint.parse(jsonString)
  } else {
    JSON.parse(jsonString)
  }
}

/**
 * Extend object a with the properties of object b
 * @param {Object} a
 * @param {Object} b
 * @return {Object} a
 */
export function extend (a, b) {
  for (const prop in b) {
    if (hasOwnProperty(b, prop)) {
      a[prop] = b[prop]
    }",1,CVE-2021-3822,CWE-400,josdejong/jsoneditor,092e386cf49f2a1450625617da8e0137ed067c3e,javascript
"function _adjust_publishing_interval(publishingInterval?: number): number {
    publishingInterval =
        publishingInterval === undefined || Number.isNaN(publishingInterval)
            ? Subscription.defaultPublishingInterval
            : publishingInterval;
    publishingInterval = Math.max(publishingInterval, Subscription.minimumPublishingInterval);
    publishingInterval = Math.min(publishingInterval, Subscription.maximumPublishingInterval);
    return publishingInterval;
}

const minimumMaxKeepAliveCount = 2;
const maximumMaxKeepAliveCount = 12000;

function _adjust_maxKeepAliveCount(maxKeepAliveCount?: number /*,publishingInterval*/): number {
    maxKeepAliveCount = maxKeepAliveCount || minimumMaxKeepAliveCount;
    maxKeepAliveCount = Math.max(maxKeepAliveCount, minimumMaxKeepAliveCount);
    maxKeepAliveCount = Math.min(maxKeepAliveCount, maximumMaxKeepAliveCount);
    return maxKeepAliveCount;
}

function _adjust_lifeTimeCount(lifeTimeCount: number, maxKeepAliveCount: number, publishingInterval: number): number {
    lifeTimeCount = lifeTimeCount || 1;

    // let's make sure that lifeTimeCount is at least three time maxKeepAliveCount
    // Note : the specs say ( part 3  - CreateSubscriptionParameter )
    //        ""The lifetime count shall be a minimum of three times the keep keep-alive count.""
    lifeTimeCount = Math.max(lifeTimeCount, maxKeepAliveCount * 3);

    const minTicks = Math.ceil(Subscription.minimumLifetimeDuration / publishingInterval);
    const maxTicks = Math.floor(Subscription.maximumLifetimeDuration / publishingInterval);

    lifeTimeCount = Math.max(minTicks, lifeTimeCount);
    lifeTimeCount = Math.min(maxTicks, lifeTimeCount);
    return lifeTimeCount;
}

function _adjust_publishingEnable(publishingEnabled?: boolean | null): boolean {
    return publishingEnabled === null || publishingEnabled === undefined ? true : !!publishingEnabled;
}
",1,CVE-2022-24375,CWE-400,node-opcua/node-opcua,3fd46ec156e7718a506be41f3916310b6bdd0407,javascript
"function _adjust_maxKeepAliveCount(maxKeepAliveCount?: number /*,publishingInterval*/): number {
    maxKeepAliveCount = maxKeepAliveCount || minimumMaxKeepAliveCount;
    maxKeepAliveCount = Math.max(maxKeepAliveCount, minimumMaxKeepAliveCount);
    maxKeepAliveCount = Math.min(maxKeepAliveCount, maximumMaxKeepAliveCount);
    return maxKeepAliveCount;
}

function _adjust_lifeTimeCount(lifeTimeCount: number, maxKeepAliveCount: number, publishingInterval: number): number {
    lifeTimeCount = lifeTimeCount || 1;

    // let's make sure that lifeTimeCount is at least three time maxKeepAliveCount
    // Note : the specs say ( part 3  - CreateSubscriptionParameter )
    //        ""The lifetime count shall be a minimum of three times the keep keep-alive count.""
    lifeTimeCount = Math.max(lifeTimeCount, maxKeepAliveCount * 3);

    const minTicks = Math.ceil(Subscription.minimumLifetimeDuration / publishingInterval);
    const maxTicks = Math.floor(Subscription.maximumLifetimeDuration / publishingInterval);

    lifeTimeCount = Math.max(minTicks, lifeTimeCount);
    lifeTimeCount = Math.min(maxTicks, lifeTimeCount);
    return lifeTimeCount;
}

function _adjust_publishingEnable(publishingEnabled?: boolean | null): boolean {
    return publishingEnabled === null || publishingEnabled === undefined ? true : !!publishingEnabled;
}

function _adjust_maxNotificationsPerPublish(maxNotificationsPerPublish?: number): number {
    assert(Subscription.maxNotificationPerPublishHighLimit > 0, ""Subscription.maxNotificationPerPublishHighLimit must be positive"");

    maxNotificationsPerPublish = maxNotificationsPerPublish || 0;
    assert(typeof maxNotificationsPerPublish === ""number"");

    // must be strictly positive
    maxNotificationsPerPublish = maxNotificationsPerPublish >= 0 ? maxNotificationsPerPublish : 0;

    if (maxNotificationsPerPublish === 0) {
        // if zero then => use our HighLimit
        maxNotificationsPerPublish = Subscription.maxNotificationPerPublishHigh",1,CVE-2022-24375,CWE-400,node-opcua/node-opcua,3fd46ec156e7718a506be41f3916310b6bdd0407,javascript
"function _adjust_lifeTimeCount(lifeTimeCount: number, maxKeepAliveCount: number, publishingInterval: number): number {
    lifeTimeCount = lifeTimeCount || 1;

    // let's make sure that lifeTimeCount is at least three time maxKeepAliveCount
    // Note : the specs say ( part 3  - CreateSubscriptionParameter )
    //        ""The lifetime count shall be a minimum of three times the keep keep-alive count.""
    lifeTimeCount = Math.max(lifeTimeCount, maxKeepAliveCount * 3);

    const minTicks = Math.ceil(Subscription.minimumLifetimeDuration / publishingInterval);
    const maxTicks = Math.floor(Subscription.maximumLifetimeDuration / publishingInterval);

    lifeTimeCount = Math.max(minTicks, lifeTimeCount);
    lifeTimeCount = Math.min(maxTicks, lifeTimeCount);
    return lifeTimeCount;
}

function _adjust_publishingEnable(publishingEnabled?: boolean | null): boolean {
    return publishingEnabled === null || publishingEnabled === undefined ? true : !!publishingEnabled;
}

function _adjust_maxNotificationsPerPublish(maxNotificationsPerPublish?: number): number {
    assert(Subscription.maxNotificationPerPublishHighLimit > 0, ""Subscription.maxNotificationPerPublishHighLimit must be positive"");

    maxNotificationsPerPublish = maxNotificationsPerPublish || 0;
    assert(typeof maxNotificationsPerPublish === ""number"");

    // must be strictly positive
    maxNotificationsPerPublish = maxNotificationsPerPublish >= 0 ? maxNotificationsPerPublish : 0;

    if (maxNotificationsPerPublish === 0) {
        // if zero then => use our HighLimit
        maxNotificationsPerPublish = Subscription.maxNotificationPerPublishHighLimit;
    } else {
        // if not zero then should be capped by maxNotificationPerPublishHighLimit
        maxNotificationsPerPublish = Math.min(Subscription.maxNotificationPerPublishHighLimit, maxNotificationsPerPublish);
    }

    assert(maxNotificationsPerPublish !== 0 && maxNotificationsPerPublish <= Subscription.maxNotificationPerPublishHighLimit)",1,CVE-2022-24375,CWE-400,node-opcua/node-opcua,3fd46ec156e7718a506be41f3916310b6bdd0407,javascript
"function reconstruct_fake_publish_engine() {
    fake_publish_engine = getFakePublishEngine();
}

// eslint-disable-next-line import/order
const describe = require(""node-opcua-leak-detector"").describeWithLeakDetector;
describe(""Subscriptions"", function () {
    // eslint-disable-next-line @typescript-eslint/no-this-alias
    const test = this;
    beforeEach(function () {
        test.clock = sinon.useFakeTimers();
        reconstruct_fake_publish_engine();
    });

    afterEach(function () {
        test.clock.restore();
    });

    it(""T1 - a subscription will make sure that lifeTimeCount is at least 3 times maxKeepAliveCount"", function () {
        {
            const subscription1 = new Subscription({
                publishingInterval: 1000,
                maxKeepAliveCount: 20,
                lifeTimeCount: 60, // at least 3 times maxKeepAliveCount
                //
                publishEngine: fake_publish_engine,
                globalCounter: { totalMonitoredItemCount: 0 },
                serverCapabilities: { maxMonitoredItems: 10000, maxMonitoredItemsPerSubscription: 1000 }
            });
            subscription1.maxKeepAliveCount.should.eql(20);
            subscription1.lifeTimeCount.should.eql(
                60,
                ""lifeTimeCount shall be unchanged because it is at least 3 times maxKeepAliveCount""
            );

            subscription1.terminate();
            subscription1.dispose();
        }
        {
            const subscription2 = new Subscription({",1,CVE-2022-24375,CWE-400,node-opcua/node-opcua,3fd46ec156e7718a506be41f3916310b6bdd0407,javascript
"function add_mock_monitored_item2(subscription, someVariableNode) {
            const monitoredItemCreateRequest = new MonitoredItemCreateRequest({
                itemToMonitor: { nodeId: someVariableNode },
                monitoringMode: MonitoringMode.Reporting,
                requestedParameters: {
                    clientHandle: 123,
                    queueSize: 10,
                    samplingInterval: 200
                }
            });
            const createResult = subscription.createMonitoredItem(
                addressSpace,
                TimestampsToReturn.Both,
                monitoredItemCreateRequest
            );
            const monitoredItem = subscription.getMonitoredItem(createResult.monitoredItemId);

            return monitoredItem;
        }

        before(function (done) {
            engine = new ServerEngine();
            engine.initialize({ nodeset_filename: mini_nodeset_filename }, function () {
                addressSpace = engine.addressSpace;
                namespace = addressSpace.getOwnNamespace();

                const node = namespace.addVariable({
                    componentOf: ""RootFolder"",
                    browseName: ""SomeVariable"",
                    dataType: ""UInt32"",
                    value: { dataType: DataType.UInt32, value: 0 }
                });
                someVariableNode = node.nodeId;
                done();
            });
        });
        after(async () => {
            await engine.shutdown();
            engine = null;
        });",1,CVE-2022-24375,CWE-400,node-opcua/node-opcua,3fd46ec156e7718a506be41f3916310b6bdd0407,javascript
"function simulate_client_adding_publish_request(publishEngine, callback) {
            const publishRequest = new PublishRequest({});
            publishEngine._on_PublishRequest(publishRequest, callback);
            test.clock.tick(0);
        }

        let subscription;
        let notification_event_spy, keepalive_event_spy, expire_event_spy;

        beforeEach(function () {
            publish_engine = new ServerSidePublishEngine();
            subscription = new Subscription({
                id: 1000,
                publishingInterval: 100,
                maxKeepAliveCount: 10,
                lifeTimeCount: 30,
                publishingEnabled: true,
                publishEngine: publish_engine,
                globalCounter: { totalMonitoredItemCount: 0 },
                serverCapabilities: { maxMonitoredItems: 10000, maxMonitoredItemsPerSubscription: 1000 }
            });
            publish_engine.add_subscription(subscription);

            notification_event_spy = sinon.spy();
            keepalive_event_spy = sinon.spy();
            expire_event_spy = sinon.spy();
            subscription.on(""notification"", notification_event_spy);
            subscription.on(""keepalive"", keepalive_event_spy);
            subscription.on(""expired"", expire_event_spy);

            subscription.on(""monitoredItem"", function (monitoredItem) {
                monitoredItem.samplingFunc = function () {
                    /**  */
                };
            });
        });

        afterEach(function (done) {
            subscription.on(""terminated"", function () {
                done();",1,CVE-2022-24375,CWE-400,node-opcua/node-opcua,3fd46ec156e7718a506be41f3916310b6bdd0407,javascript
"function parse (sri, opts) {
  opts = opts || {}
  if (typeof sri === 'string') {
    return _parse(sri, opts)
  } else if (sri.algorithm && sri.digest) {
    const fullSri = new Integrity()
    fullSri[sri.algorithm] = [sri]
    return _parse(stringify(fullSri, opts), opts)
  } else {
    return _parse(stringify(sri, opts), opts)
  }
}

function _parse (integrity, opts) {
  // 3.4.3. Parse metadata
  // https://w3c.github.io/webappsec-subresource-integrity/#parse-metadata
  if (opts.single) {
    return new Hash(integrity, opts)
  }
  return integrity.trim().split(/\s+/).reduce((acc, string) => {
    const hash = new Hash(string, opts)
    if (hash.algorithm && hash.digest) {
      const algo = hash.algorithm
      if (!acc[algo]) { acc[algo] = [] }
      acc[algo].push(hash)
    }
    return acc
  }, new Integrity())
}

module.exports.stringify = stringify
function stringify (obj, opts) {
  if (obj.algorithm && obj.digest) {
    return Hash.prototype.toString.call(obj, opts)
  } else if (typeof obj === 'string') {
    return stringify(parse(obj, opts), opts)
  } else {
    return Integrity.prototype.toString.call(obj, opts)
  }
}",0,CVE-2018-7651,CWE-400,zkat/ssri,d0ebcdc22cb5c8f47f89716d08b3518b2485d65d,javascript
"function _parse (integrity, opts) {
  // 3.4.3. Parse metadata
  // https://w3c.github.io/webappsec-subresource-integrity/#parse-metadata
  if (opts.single) {
    return new Hash(integrity, opts)
  }
  return integrity.trim().split(/\s+/).reduce((acc, string) => {
    const hash = new Hash(string, opts)
    if (hash.algorithm && hash.digest) {
      const algo = hash.algorithm
      if (!acc[algo]) { acc[algo] = [] }
      acc[algo].push(hash)
    }
    return acc
  }, new Integrity())
}

module.exports.stringify = stringify
function stringify (obj, opts) {
  if (obj.algorithm && obj.digest) {
    return Hash.prototype.toString.call(obj, opts)
  } else if (typeof obj === 'string') {
    return stringify(parse(obj, opts), opts)
  } else {
    return Integrity.prototype.toString.call(obj, opts)
  }
}

module.exports.fromHex = fromHex
function fromHex (hexDigest, algorithm, opts) {
  const optString = (opts && opts.options && opts.options.length)
  ? `?${opts.options.join('?')}`
  : ''
  return parse(
    `${algorithm}-${
      Buffer.from(hexDigest, 'hex').toString('base64')
    }${optString}`, opts
  )
}
",0,CVE-2018-7651,CWE-400,zkat/ssri,d0ebcdc22cb5c8f47f89716d08b3518b2485d65d,javascript
"function stringify (obj, opts) {
  if (obj.algorithm && obj.digest) {
    return Hash.prototype.toString.call(obj, opts)
  } else if (typeof obj === 'string') {
    return stringify(parse(obj, opts), opts)
  } else {
    return Integrity.prototype.toString.call(obj, opts)
  }
}

module.exports.fromHex = fromHex
function fromHex (hexDigest, algorithm, opts) {
  const optString = (opts && opts.options && opts.options.length)
  ? `?${opts.options.join('?')}`
  : ''
  return parse(
    `${algorithm}-${
      Buffer.from(hexDigest, 'hex').toString('base64')
    }${optString}`, opts
  )
}

module.exports.fromData = fromData
function fromData (data, opts) {
  opts = opts || {}
  const algorithms = opts.algorithms || ['sha512']
  const optString = opts.options && opts.options.length
  ? `?${opts.options.join('?')}`
  : ''
  return algorithms.reduce((acc, algo) => {
    const digest = crypto.createHash(algo).update(data).digest('base64')
    const hash = new Hash(
      `${algo}-${digest}${optString}`,
       opts
    )
    if (hash.algorithm && hash.digest) {
      const algo = hash.algorithm
      if (!acc[algo]) { acc[algo] = [] }
      acc[algo].push(hash)
    }",0,CVE-2018-7651,CWE-400,zkat/ssri,d0ebcdc22cb5c8f47f89716d08b3518b2485d65d,javascript
"function hash (data, algorithm) {
  return crypto.createHash(algorithm).update(data).digest('base64')
}

test('serializes Integrity-likes', t => {
  const sriLike = {
    'sha512': [{
      digest: 'foo',
      algorithm: 'sha512',
      options: ['ayy', 'woo']
    }, {
      digest: 'bar',
      algorithm: 'sha512'
    }],
    'whirlpool': [{
      digest: 'wut',
      algorithm: 'whirlpool'
    }]
  }
  t.equal(
    ssri.stringify(sriLike),
    'sha512-foo?ayy?woo sha512-bar whirlpool-wut',
    'stringification contains correct data for all entries'
  )
  t.done()
})

test('serializes Hash-likes', t => {
  const sriLike = {
    digest: 'foo',
    algorithm: 'sha512'
  }
  t.equal(
    ssri.stringify(sriLike),
    'sha512-foo',
    'serialization has correct data'
  )
  t.done()
})
",0,CVE-2018-7651,CWE-400,zkat/ssri,d0ebcdc22cb5c8f47f89716d08b3518b2485d65d,javascript
"var configure = function( app, configObject ) {
	if( typeof configObject !== ""undefined"" ) {
		configuration.directory = configObject.directory || configuration.directory;
		configuration.extension = configObject.extension || configuration.extension;
		configuration.objectNotation = configObject.objectNotation || configuration.objectNotation;
	}

	// Register routes
	app.get( ""/i18n/:locale"", i18nRoutes.i18n );
	app.get( ""/i18n/:locale/:phrase"", i18nRoutes.translate );
};

/**
 * Middleware to allow retrieval of users locale in the template engine.
 * @param {Object} request
 * @param {Object} response
 * @param {Function} [next]
 */
var getLocale = function( request, response, next ) {
	response.locals.i18n = {
		getLocale : function() {
			return i18n.getLocale.apply( request, arguments );
		}
	};

	// For backwards compatibility, also define ""acceptedLanguage"".
	response.locals.acceptedLanguage = response.locals.i18n.getLocale;

	if( typeof next !== ""undefined"" ) {
		next();
	}
};

var i18nRoutes = {
	/**
	 * Sends a translation file to the client.
	 * @param request
	 * @param response
	 */
	i18n : function( request, response ) {",0,CVE-2016-10524,CWE-400,oliversalzburg/i18n-node-angular,877720d2d9bb90dc8233706e81ffa03f99fc9dc8,javascript
"var getLocale = function( request, response, next ) {
	response.locals.i18n = {
		getLocale : function() {
			return i18n.getLocale.apply( request, arguments );
		}
	};

	// For backwards compatibility, also define ""acceptedLanguage"".
	response.locals.acceptedLanguage = response.locals.i18n.getLocale;

	if( typeof next !== ""undefined"" ) {
		next();
	}
};

var i18nRoutes = {
	/**
	 * Sends a translation file to the client.
	 * @param request
	 * @param response
	 */
	i18n : function( request, response ) {
		var locale = request.params.locale;
		var sendFile = response.sendFile || response.sendfile;
		sendFile.apply( response, [ path.join( configuration.directory, locale + configuration.extension ) ] );
	},

	/**
	 * Translate a given string and provide the result.
	 * @param request
	 * @param response
	 */
	translate : function( request, response ) {
		var locale = request.params.locale;
		var phrase = request.params.phrase;

		var result;
		if( request.query.plural ) {
			var singular = phrase;
			var plural = request.query.plural;",0,CVE-2016-10524,CWE-400,oliversalzburg/i18n-node-angular,877720d2d9bb90dc8233706e81ffa03f99fc9dc8,javascript
"getLocale : function() {
			return i18n.getLocale.apply( request, arguments );
		}
	};

	// For backwards compatibility, also define ""acceptedLanguage"".
	response.locals.acceptedLanguage = response.locals.i18n.getLocale;

	if( typeof next !== ""undefined"" ) {
		next();
	}
};

var i18nRoutes = {
	/**
	 * Sends a translation file to the client.
	 * @param request
	 * @param response
	 */
	i18n : function( request, response ) {
		var locale = request.params.locale;
		var sendFile = response.sendFile || response.sendfile;
		sendFile.apply( response, [ path.join( configuration.directory, locale + configuration.extension ) ] );
	},

	/**
	 * Translate a given string and provide the result.
	 * @param request
	 * @param response
	 */
	translate : function( request, response ) {
		var locale = request.params.locale;
		var phrase = request.params.phrase;

		var result;
		if( request.query.plural ) {
			var singular = phrase;
			var plural = request.query.plural;
			// Make sure the information is added to the catalog if it doesn't exist yet.
			var translated = i18n.__n( {",0,CVE-2016-10524,CWE-400,oliversalzburg/i18n-node-angular,877720d2d9bb90dc8233706e81ffa03f99fc9dc8,javascript
"function _typeof(obj) { if (typeof Symbol === ""function"" && typeof Symbol.iterator === ""symbol"") { _typeof = function _typeof(obj) { return typeof obj; }; } else { _typeof = function _typeof(obj) { return obj && typeof Symbol === ""function"" && obj.constructor === Symbol && obj !== Symbol.prototype ? ""symbol"" : typeof obj; }; } return _typeof(obj); }

function _slicedToArray(arr, i) { return _arrayWithHoles(arr) || _iterableToArrayLimit(arr, i) || _nonIterableRest(); }

function _nonIterableRest() { throw new TypeError(""Invalid attempt to destructure non-iterable instance""); }

function _iterableToArrayLimit(arr, i) { var _arr = []; var _n = true; var _d = false; var _e = undefined; try { for (var _i = arr[Symbol.iterator](), _s; !(_n = (_s = _i.next()).done); _n = true) { _arr.push(_s.value); if (i && _arr.length === i) break; } } catch (err) { _d = true; _e = err; } finally { try { if (!_n && _i[""return""] != null) _i[""return""](); } finally { if (_d) throw _e; } } return _arr; }

function _arrayWithHoles(arr) { if (Array.isArray(arr)) return arr; }

function _toConsumableArray(arr) { return _arrayWithoutHoles(arr) || _iterableToArray(arr) || _nonIterableSpread(); }

function _nonIterableSpread() { throw new TypeError(""Invalid attempt to spread non-iterable instance""); }

function _iterableToArray(iter) { if (Symbol.iterator in Object(iter) || Object.prototype.toString.call(iter) === ""[object Arguments]"") return Array.from(iter); }

function _arrayWithoutHoles(arr) { if (Array.isArray(arr)) { for (var i = 0, arr2 = new Array(arr.length); i < arr.length; i++) { arr2[i] = arr[i]; } return arr2; } }

function ownKeys(object, enumerableOnly) { var keys = Object.keys(object); if (Object.getOwnPropertySymbols) { var symbols = Object.getOwnPropertySymbols(object); if (enumerableOnly) symbols = symbols.filter(function (sym) { return Object.getOwnPropertyDescriptor(object, sym).enumerable; }); keys.push.apply(keys, symbols); } return keys; }

function _objectSpread(target) { ",0,CVE-2019-17592,CWE-400,adaltas/node-csv-parse,b9d35940c6815cdf1dfd6b21857a1f6d0fd51e4a,javascript
"function _typeof(obj) { return typeof obj; }; } else { _typeof = function _typeof(obj) { return obj && typeof Symbol === ""function"" && obj.constructor === Symbol && obj !== Symbol.prototype ? ""symbol"" : typeof obj; }; } return _typeof(obj); }

function _slicedToArray(arr, i) { return _arrayWithHoles(arr) || _iterableToArrayLimit(arr, i) || _nonIterableRest(); }

function _nonIterableRest() { throw new TypeError(""Invalid attempt to destructure non-iterable instance""); }

function _iterableToArrayLimit(arr, i) { var _arr = []; var _n = true; var _d = false; var _e = undefined; try { for (var _i = arr[Symbol.iterator](), _s; !(_n = (_s = _i.next()).done); _n = true) { _arr.push(_s.value); if (i && _arr.length === i) break; } } catch (err) { _d = true; _e = err; } finally { try { if (!_n && _i[""return""] != null) _i[""return""](); } finally { if (_d) throw _e; } } return _arr; }

function _arrayWithHoles(arr) { if (Array.isArray(arr)) return arr; }

function _toConsumableArray(arr) { return _arrayWithoutHoles(arr) || _iterableToArray(arr) || _nonIterableSpread(); }

function _nonIterableSpread() { throw new TypeError(""Invalid attempt to spread non-iterable instance""); }

function _iterableToArray(iter) { if (Symbol.iterator in Object(iter) || Object.prototype.toString.call(iter) === ""[object Arguments]"") return Array.from(iter); }

function _arrayWithoutHoles(arr) { if (Array.isArray(arr)) { for (var i = 0, arr2 = new Array(arr.length); i < arr.length; i++) { arr2[i] = arr[i]; } return arr2; } }

function ownKeys(object, enumerableOnly) { var keys = Object.keys(object); if (Object.getOwnPropertySymbols) { var symbols = Object.getOwnPropertySymbols(object); if (enumerableOnly) symbols = symbols.filter(function (sym) { return Object.getOwnPropertyDescriptor(object, sym).enumerable; }); keys.push.apply(keys, symbols); } return keys; }

function _objectSpread(target) { for (var i = 1; i < arguments.length; i++) { var source = arguments[i] != null ? arguments[i] : {}; if (i % 2",0,CVE-2019-17592,CWE-400,adaltas/node-csv-parse,b9d35940c6815cdf1dfd6b21857a1f6d0fd51e4a,javascript
"function _typeof(obj) { return obj && typeof Symbol === ""function"" && obj.constructor === Symbol && obj !== Symbol.prototype ? ""symbol"" : typeof obj; }; } return _typeof(obj); }

function _slicedToArray(arr, i) { return _arrayWithHoles(arr) || _iterableToArrayLimit(arr, i) || _nonIterableRest(); }

function _nonIterableRest() { throw new TypeError(""Invalid attempt to destructure non-iterable instance""); }

function _iterableToArrayLimit(arr, i) { var _arr = []; var _n = true; var _d = false; var _e = undefined; try { for (var _i = arr[Symbol.iterator](), _s; !(_n = (_s = _i.next()).done); _n = true) { _arr.push(_s.value); if (i && _arr.length === i) break; } } catch (err) { _d = true; _e = err; } finally { try { if (!_n && _i[""return""] != null) _i[""return""](); } finally { if (_d) throw _e; } } return _arr; }

function _arrayWithHoles(arr) { if (Array.isArray(arr)) return arr; }

function _toConsumableArray(arr) { return _arrayWithoutHoles(arr) || _iterableToArray(arr) || _nonIterableSpread(); }

function _nonIterableSpread() { throw new TypeError(""Invalid attempt to spread non-iterable instance""); }

function _iterableToArray(iter) { if (Symbol.iterator in Object(iter) || Object.prototype.toString.call(iter) === ""[object Arguments]"") return Array.from(iter); }

function _arrayWithoutHoles(arr) { if (Array.isArray(arr)) { for (var i = 0, arr2 = new Array(arr.length); i < arr.length; i++) { arr2[i] = arr[i]; } return arr2; } }

function ownKeys(object, enumerableOnly) { var keys = Object.keys(object); if (Object.getOwnPropertySymbols) { var symbols = Object.getOwnPropertySymbols(object); if (enumerableOnly) symbols = symbols.filter(function (sym) { return Object.getOwnPropertyDescriptor(object, sym).enumerable; }); keys.push.apply(keys, symbols); } return keys; }

function _objectSpread(target) { for (var i = 1; i < arguments.length; i++) { var source = arguments[i] != null ? arguments[i] : {}; if (i % 2) { ownKeys(source, true).forEach(function (key) { _definePropert",0,CVE-2019-17592,CWE-400,adaltas/node-csv-parse,b9d35940c6815cdf1dfd6b21857a1f6d0fd51e4a,javascript
"const parse = function(){
  let data, options, callback
  for(let i in arguments){
    const argument = arguments[i]
    const type = typeof argument
    if(data === undefined && (typeof argument === 'string' || Buffer.isBuffer(argument))){
      data = argument
    }else if(options === undefined && isObject(argument)){
      options = argument
    }else if(callback === undefined && type === 'function'){
      callback = argument
    }else{
      throw new Error(`Invalid argument: got ${JSON.stringify(argument)} at index ${i}`)
    }
  }
  const parser = new Parser(options)
  if(callback){
    const records = options === undefined || options.objname === undefined ? [] : {}
    parser.on('readable', function(){
      let record
      while(record = this.read()){
        if(options === undefined || options.objname === undefined){
          records.push(record)
        }else{
          records[record[0]] = record[1]
        }
      }
    })
    parser.on('error', function(err){
      callback(err, undefined, parser.info)
    })
    parser.on('end', function(){
      callback(undefined, records, parser.info)
    })
  }
  if(data !== undefined){
    parser.write(data)
    parser.end()
  }
  return parser",0,CVE-2019-17592,CWE-400,adaltas/node-csv-parse,b9d35940c6815cdf1dfd6b21857a1f6d0fd51e4a,javascript
"const underscore = function(str){
  return str.replace(/([A-Z])/g, function(_, match, index){
    return '_' + match.toLowerCase()
  })
}

const isObject = function(obj){
  return (typeof obj === 'object' && obj !== null && !Array.isArray(obj))
}

const normalizeColumnsArray = function(columns){
  // console.log('columns', columns)
  const normalizedColumns = [];

  for(let i=0; i< columns.length; i++){
    const column = columns[i]
    if(column === undefined || column === null || column === false){
      normalizedColumns[i] = { disabled: true }
    }else if(typeof column === 'string'){
      normalizedColumns[i] = { name: column }
    }else if(isObject(column)){
      if(typeof column.name !== 'string'){
        throw new Error(`Invalid Option columns: property ""name"" is required at position ${i} when column is an object literal`)
      }
      normalizedColumns[i] = column
    }else{
      throw new Error(`Invalid Option columns: expect a string or an object, got ${JSON.stringify(column)} at position ${i}`)
    }
  }
  // console.log(normalizedColumns)
  return normalizedColumns;
}",0,CVE-2019-17592,CWE-400,adaltas/node-csv-parse,b9d35940c6815cdf1dfd6b21857a1f6d0fd51e4a,javascript
"const isObject = function(obj){
  return (typeof obj === 'object' && obj !== null && !Array.isArray(obj))
}

const normalizeColumnsArray = function(columns){
  // console.log('columns', columns)
  const normalizedColumns = [];

  for(let i=0; i< columns.length; i++){
    const column = columns[i]
    if(column === undefined || column === null || column === false){
      normalizedColumns[i] = { disabled: true }
    }else if(typeof column === 'string'){
      normalizedColumns[i] = { name: column }
    }else if(isObject(column)){
      if(typeof column.name !== 'string'){
        throw new Error(`Invalid Option columns: property ""name"" is required at position ${i} when column is an object literal`)
      }
      normalizedColumns[i] = column
    }else{
      throw new Error(`Invalid Option columns: expect a string or an object, got ${JSON.stringify(column)} at position ${i}`)
    }
  }
  // console.log(normalizedColumns)
  return normalizedColumns;
}",0,CVE-2019-17592,CWE-400,adaltas/node-csv-parse,b9d35940c6815cdf1dfd6b21857a1f6d0fd51e4a,javascript
"extend : function (regexes, extensions) {
            var mergedRegexes = {};
            for (var i in regexes) {
                if (extensions[i] && extensions[i].length % 2 === 0) {
                    mergedRegexes[i] = extensions[i].concat(regexes[i]);
                } else {
                    mergedRegexes[i] = regexes[i];
                }
            }
            return mergedRegexes;
        },
        has : function (str1, str2) {
          if (typeof str1 === ""string"") {
            return str2.toLowerCase().indexOf(str1.toLowerCase()) !== -1;
          } else {
            return false;
          }
        },
        lowerize : function (str) {
            return str.toLowerCase();
        },
        major : function (version) {
            return typeof(version) === STR_TYPE ? version.replace(/[^\d\.]/g,'').split(""."")[0] : undefined;
        },
        trim : function (str) {
          return str.replace(/^[\s\uFEFF\xA0]+|[\s\uFEFF\xA0]+$/g, '');
        }
    };


    ///////////////
    // Map helper
    //////////////


    var mapper = {

        rgx : function (ua, arrays) {

            var i = 0, j, k, p, q, matches, match;",0,CVE-2020-7733,CWE-400,faisalman/ua-parser-js,233d3bae22a795153a7e6638887ce159c63e557d,javascript
"has : function (str1, str2) {
          if (typeof str1 === ""string"") {
            return str2.toLowerCase().indexOf(str1.toLowerCase()) !== -1;
          } else {
            return false;
          }
        },
        lowerize : function (str) {
            return str.toLowerCase();
        },
        major : function (version) {
            return typeof(version) === STR_TYPE ? version.replace(/[^\d\.]/g,'').split(""."")[0] : undefined;
        },
        trim : function (str) {
          return str.replace(/^[\s\uFEFF\xA0]+|[\s\uFEFF\xA0]+$/g, '');
        }
    };


    ///////////////
    // Map helper
    //////////////


    var mapper = {

        rgx : function (ua, arrays) {

            var i = 0, j, k, p, q, matches, match;

            // loop through all regexes maps
            while (i < arrays.length && !matches) {

                var regex = arrays[i],       // even sequence (0,2,4,..)
                    props = arrays[i + 1];   // odd sequence (1,3,5,..)
                j = k = 0;

                // try matching uastring with regexes
                while (j < regex.length && !matches) {
",0,CVE-2020-7733,CWE-400,faisalman/ua-parser-js,233d3bae22a795153a7e6638887ce159c63e557d,javascript
"lowerize : function (str) {
            return str.toLowerCase();
        },
        major : function (version) {
            return typeof(version) === STR_TYPE ? version.replace(/[^\d\.]/g,'').split(""."")[0] : undefined;
        },
        trim : function (str) {
          return str.replace(/^[\s\uFEFF\xA0]+|[\s\uFEFF\xA0]+$/g, '');
        }
    };


    ///////////////
    // Map helper
    //////////////


    var mapper = {

        rgx : function (ua, arrays) {

            var i = 0, j, k, p, q, matches, match;

            // loop through all regexes maps
            while (i < arrays.length && !matches) {

                var regex = arrays[i],       // even sequence (0,2,4,..)
                    props = arrays[i + 1];   // odd sequence (1,3,5,..)
                j = k = 0;

                // try matching uastring with regexes
                while (j < regex.length && !matches) {

                    matches = regex[j++].exec(ua);

                    if (!!matches) {
                        for (p = 0; p < props.length; p++) {
                            match = matches[++k];
                            q = props[p];
                            // check if given property is actually array",0,CVE-2020-7733,CWE-400,faisalman/ua-parser-js,233d3bae22a795153a7e6638887ce159c63e557d,javascript
"link: function(prefix) {
      return '<a href=""' + prefix + '/' + this.url + '"">' + this.text + '</a>';
    }};
    shouldCompileTo(string, [hash, helpers], '<a href=""/root/goodbye"">Goodbye</a>');
  });

  it('helper for raw block gets raw content', function() {
    var string = '{{{{raw}}}} {{test}} {{{{/raw}}}}';
    var hash = { test: 'hello' };
    var helpers = { raw: function(options) {
        return options.fn();
    } };
    shouldCompileTo(string, [hash, helpers], ' {{test}} ',
                    'raw block helper gets raw content');
  });

  it('helper for raw block gets parameters', function() {
    var string = '{{{{raw 1 2 3}}}} {{test}} {{{{/raw}}}}';
    var hash = { test: 'hello' };
    var helpers = { raw: function(a, b, c, options) {
        return options.fn() + a + b + c;
    } };
    shouldCompileTo(string, [hash, helpers], ' {{test}} 123',
                    'raw block helper gets raw content');
  });

  describe('raw block parsing (with identity helper-function)', function() {

    function runWithIdentityHelper(template, expected) {
      var helpers = {
        identity: function(options) {
          return options.fn();
        }
      };
      shouldCompileTo(template, [{}, helpers], expected);
    }

    it('helper for nested raw block gets raw content', function() {
      runWithIdentityHelper('{{{{identity}}}} {{{{b}}}} {{{{/b}}}} {{{{/identity}}}}', ' {{{{b}}}} {{{{/b}}}} ');
    });",0,CVE-2019-20922,CWE-400,handlebars-lang/handlebars.js,8d5530ee2c3ea9f0aee3fde310b9f36887d00b8b,javascript
"raw: function(options) {
        return options.fn();
    } };
    shouldCompileTo(string, [hash, helpers], ' {{test}} ',
                    'raw block helper gets raw content');
  });

  it('helper for raw block gets parameters', function() {
    var string = '{{{{raw 1 2 3}}}} {{test}} {{{{/raw}}}}';
    var hash = { test: 'hello' };
    var helpers = { raw: function(a, b, c, options) {
        return options.fn() + a + b + c;
    } };
    shouldCompileTo(string, [hash, helpers], ' {{test}} 123',
                    'raw block helper gets raw content');
  });

  describe('raw block parsing (with identity helper-function)', function() {

    function runWithIdentityHelper(template, expected) {
      var helpers = {
        identity: function(options) {
          return options.fn();
        }
      };
      shouldCompileTo(template, [{}, helpers], expected);
    }

    it('helper for nested raw block gets raw content', function() {
      runWithIdentityHelper('{{{{identity}}}} {{{{b}}}} {{{{/b}}}} {{{{/identity}}}}', ' {{{{b}}}} {{{{/b}}}} ');
    });

    it('helper for nested raw block works with empty content', function() {
      runWithIdentityHelper('{{{{identity}}}}{{{{/identity}}}}', '');
    });

    it('helper for nested raw block works if nested raw blocks are broken', function() {
      runWithIdentityHelper('{{{{identity}}}} {{{{a}}}} {{{{ {{{{/ }}}} }}}} {{{{/identity}}}}', ' {{{{a}}}} {{{{ {{{{/ }}}} }}}} ');
    });
",0,CVE-2019-20922,CWE-400,handlebars-lang/handlebars.js,8d5530ee2c3ea9f0aee3fde310b9f36887d00b8b,javascript
"raw: function(a, b, c, options) {
        return options.fn() + a + b + c;
    } };
    shouldCompileTo(string, [hash, helpers], ' {{test}} 123',
                    'raw block helper gets raw content');
  });

  describe('raw block parsing (with identity helper-function)', function() {

    function runWithIdentityHelper(template, expected) {
      var helpers = {
        identity: function(options) {
          return options.fn();
        }
      };
      shouldCompileTo(template, [{}, helpers], expected);
    }

    it('helper for nested raw block gets raw content', function() {
      runWithIdentityHelper('{{{{identity}}}} {{{{b}}}} {{{{/b}}}} {{{{/identity}}}}', ' {{{{b}}}} {{{{/b}}}} ');
    });

    it('helper for nested raw block works with empty content', function() {
      runWithIdentityHelper('{{{{identity}}}}{{{{/identity}}}}', '');
    });

    it('helper for nested raw block works if nested raw blocks are broken', function() {
      runWithIdentityHelper('{{{{identity}}}} {{{{a}}}} {{{{ {{{{/ }}}} }}}} {{{{/identity}}}}', ' {{{{a}}}} {{{{ {{{{/ }}}} }}}} ');
    });

    it('helper for nested raw block throw exception when with missing closing braces', function() {
      var string = '{{{{a}}}} {{{{/a';
      shouldThrow(function() {
        Handlebars.compile(string)();
      });
    });
  });

  it('helper block with identical context', function() {
    var string = '{{#goodbyes}}{{name}}{{/goodbyes}}';",0,CVE-2019-20922,CWE-400,handlebars-lang/handlebars.js,8d5530ee2c3ea9f0aee3fde310b9f36887d00b8b,javascript
"function shouldMatchTokens(result, tokens) {
  for (var index = 0; index < result.length; index++) {
    equals(result[index].name, tokens[index]);
  }
}
function shouldBeToken(result, name, text) {
  equals(result.name, name);
  equals(result.text, text);
}

describe('Tokenizer', function() {
  if (!Handlebars.Parser) {
    return;
  }

  function tokenize(template) {
    var parser = Handlebars.Parser,
        lexer = parser.lexer;

    lexer.setInput(template);
    var out = [],
        token;

    while ((token = lexer.lex())) {
      var result = parser.terminals_[token] || token;
      if (!result || result === 'EOF' || result === 'INVALID') {
        break;
      }
      out.push({name: result, text: lexer.yytext});
    }

    return out;
  }

  it('tokenizes a simple mustache as ""OPEN ID CLOSE""', function() {
    var result = tokenize('{{foo}}');
    shouldMatchTokens(result, ['OPEN', 'ID', 'CLOSE']);
    shouldBeToken(result[1], 'ID', 'foo');
  });
",0,CVE-2019-20922,CWE-400,handlebars-lang/handlebars.js,8d5530ee2c3ea9f0aee3fde310b9f36887d00b8b,javascript
"function shouldBeToken(result, name, text) {
  equals(result.name, name);
  equals(result.text, text);
}

describe('Tokenizer', function() {
  if (!Handlebars.Parser) {
    return;
  }

  function tokenize(template) {
    var parser = Handlebars.Parser,
        lexer = parser.lexer;

    lexer.setInput(template);
    var out = [],
        token;

    while ((token = lexer.lex())) {
      var result = parser.terminals_[token] || token;
      if (!result || result === 'EOF' || result === 'INVALID') {
        break;
      }
      out.push({name: result, text: lexer.yytext});
    }

    return out;
  }

  it('tokenizes a simple mustache as ""OPEN ID CLOSE""', function() {
    var result = tokenize('{{foo}}');
    shouldMatchTokens(result, ['OPEN', 'ID', 'CLOSE']);
    shouldBeToken(result[1], 'ID', 'foo');
  });

  it('supports unescaping with &', function() {
    var result = tokenize('{{&bar}}');
    shouldMatchTokens(result, ['OPEN', 'ID', 'CLOSE']);

    shouldBeToken(result[0], 'OPEN', '{{&');",0,CVE-2019-20922,CWE-400,handlebars-lang/handlebars.js,8d5530ee2c3ea9f0aee3fde310b9f36887d00b8b,javascript
"function tokenize(template) {
    var parser = Handlebars.Parser,
        lexer = parser.lexer;

    lexer.setInput(template);
    var out = [],
        token;

    while ((token = lexer.lex())) {
      var result = parser.terminals_[token] || token;
      if (!result || result === 'EOF' || result === 'INVALID') {
        break;
      }
      out.push({name: result, text: lexer.yytext});
    }

    return out;
  }

  it('tokenizes a simple mustache as ""OPEN ID CLOSE""', function() {
    var result = tokenize('{{foo}}');
    shouldMatchTokens(result, ['OPEN', 'ID', 'CLOSE']);
    shouldBeToken(result[1], 'ID', 'foo');
  });

  it('supports unescaping with &', function() {
    var result = tokenize('{{&bar}}');
    shouldMatchTokens(result, ['OPEN', 'ID', 'CLOSE']);

    shouldBeToken(result[0], 'OPEN', '{{&');
    shouldBeToken(result[1], 'ID', 'bar');
  });

  it('supports unescaping with {{{', function() {
    var result = tokenize('{{{bar}}}');
    shouldMatchTokens(result, ['OPEN_UNESCAPED', 'ID', 'CLOSE_UNESCAPED']);

    shouldBeToken(result[1], 'ID', 'bar');
  });
",0,CVE-2019-20922,CWE-400,handlebars-lang/handlebars.js,8d5530ee2c3ea9f0aee3fde310b9f36887d00b8b,javascript
"var keywords = function(){
    function kw(type) {return {type: type, style: ""keyword""};}
    var A = kw(""keyword a""), B = kw(""keyword b""), C = kw(""keyword c""), D = kw(""keyword d"");
    var operator = kw(""operator""), atom = {type: ""atom"", style: ""atom""};

    return {
      ""if"": kw(""if""), ""while"": A, ""with"": A, ""else"": B, ""do"": B, ""try"": B, ""finally"": B,
      ""return"": D, ""break"": D, ""continue"": D, ""new"": kw(""new""), ""delete"": C, ""void"": C, ""throw"": C,
      ""debugger"": kw(""debugger""), ""var"": kw(""var""), ""const"": kw(""var""), ""let"": kw(""var""),
      ""function"": kw(""function""), ""catch"": kw(""catch""),
      ""for"": kw(""for""), ""switch"": kw(""switch""), ""case"": kw(""case""), ""default"": kw(""default""),
      ""in"": operator, ""typeof"": operator, ""instanceof"": operator,
      ""true"": atom, ""false"": atom, ""null"": atom, ""undefined"": atom, ""NaN"": atom, ""Infinity"": atom,
      ""this"": kw(""this""), ""class"": kw(""class""), ""super"": kw(""atom""),
      ""yield"": C, ""export"": kw(""export""), ""import"": kw(""import""), ""extends"": C,
      ""await"": C
    };
  }();

  var isOperatorChar = /[+\-*&%=<>!?|~^@]/;
  var isJsonldKeyword = /^@(context|id|value|language|type|container|list|set|reverse|index|base|vocab|graph)""/;

  function readRegexp(stream) {
    var escaped = false, next, inSet = false;
    while ((next = stream.next()) != null) {
      if (!escaped) {
        if (next == ""/"" && !inSet) return;
        if (next == ""["") inSet = true;
        else if (inSet && next == ""]"") inSet = false;
      }
      escaped = !escaped && next == ""\\"";
    }
  }

  // Used as scratch variables to communicate multiple values without
  // consing up tons of objects.
  var type, content;
  function ret(tp, style, cont) {
    type = tp; content = cont;
    return style;",0,CVE-2020-7760,CWE-400,codemirror/CodeMirror,55d0333907117c9231ffdf555ae8824705993bbb,javascript
"function kw(type) {return {type: type, style: ""keyword""};}
    var A = kw(""keyword a""), B = kw(""keyword b""), C = kw(""keyword c""), D = kw(""keyword d"");
    var operator = kw(""operator""), atom = {type: ""atom"", style: ""atom""};

    return {
      ""if"": kw(""if""), ""while"": A, ""with"": A, ""else"": B, ""do"": B, ""try"": B, ""finally"": B,
      ""return"": D, ""break"": D, ""continue"": D, ""new"": kw(""new""), ""delete"": C, ""void"": C, ""throw"": C,
      ""debugger"": kw(""debugger""), ""var"": kw(""var""), ""const"": kw(""var""), ""let"": kw(""var""),
      ""function"": kw(""function""), ""catch"": kw(""catch""),
      ""for"": kw(""for""), ""switch"": kw(""switch""), ""case"": kw(""case""), ""default"": kw(""default""),
      ""in"": operator, ""typeof"": operator, ""instanceof"": operator,
      ""true"": atom, ""false"": atom, ""null"": atom, ""undefined"": atom, ""NaN"": atom, ""Infinity"": atom,
      ""this"": kw(""this""), ""class"": kw(""class""), ""super"": kw(""atom""),
      ""yield"": C, ""export"": kw(""export""), ""import"": kw(""import""), ""extends"": C,
      ""await"": C
    };
  }();

  var isOperatorChar = /[+\-*&%=<>!?|~^@]/;
  var isJsonldKeyword = /^@(context|id|value|language|type|container|list|set|reverse|index|base|vocab|graph)""/;

  function readRegexp(stream) {
    var escaped = false, next, inSet = false;
    while ((next = stream.next()) != null) {
      if (!escaped) {
        if (next == ""/"" && !inSet) return;
        if (next == ""["") inSet = true;
        else if (inSet && next == ""]"") inSet = false;
      }
      escaped = !escaped && next == ""\\"";
    }
  }

  // Used as scratch variables to communicate multiple values without
  // consing up tons of objects.
  var type, content;
  function ret(tp, style, cont) {
    type = tp; content = cont;
    return style;
  }",0,CVE-2020-7760,CWE-400,codemirror/CodeMirror,55d0333907117c9231ffdf555ae8824705993bbb,javascript
"function readRegexp(stream) {
    var escaped = false, next, inSet = false;
    while ((next = stream.next()) != null) {
      if (!escaped) {
        if (next == ""/"" && !inSet) return;
        if (next == ""["") inSet = true;
        else if (inSet && next == ""]"") inSet = false;
      }
      escaped = !escaped && next == ""\\"";
    }
  }

  // Used as scratch variables to communicate multiple values without
  // consing up tons of objects.
  var type, content;
  function ret(tp, style, cont) {
    type = tp; content = cont;
    return style;
  }
  function tokenBase(stream, state) {
    var ch = stream.next();
    if (ch == '""' || ch == ""'"") {
      state.tokenize = tokenString(ch);
      return state.tokenize(stream, state);
    } else if (ch == ""."" && stream.match(/^\d[\d_]*(?:[eE][+\-]?[\d_]+)?/)) {
      return ret(""number"", ""number"");
    } else if (ch == ""."" && stream.match("".."")) {
      return ret(""spread"", ""meta"");
    } else if (/[\[\]{}\(\),;\:\.]/.test(ch)) {
      return ret(ch);
    } else if (ch == ""="" && stream.eat("">"")) {
      return ret(""=>"", ""operator"");
    } else if (ch == ""0"" && stream.match(/^(?:x[\dA-Fa-f_]+|o[0-7_]+|b[01_]+)n?/)) {
      return ret(""number"", ""number"");
    } else if (/\d/.test(ch)) {
      stream.match(/^[\d_]*(?:n|(?:\.[\d_]*)?(?:[eE][+\-]?[\d_]+)?)?/);
      return ret(""number"", ""number"");
    } else if (ch == ""/"") {
      if (stream.eat(""*"")) {
        state.tokenize = tokenComment;",0,CVE-2020-7760,CWE-400,codemirror/CodeMirror,55d0333907117c9231ffdf555ae8824705993bbb,javascript
"const callback = (err, success) => {
      if (!success) {
        sendErrorMessage(req, res, err);
        return;
      }

      if (req._query.sid) {
        debug(""setting new request for existing client"");
        this.clients[req._query.sid].transport.onRequest(req);
      } else {
        this.handshake(req._query.transport, req);
      }
    };

    if (this.corsMiddleware) {
      this.corsMiddleware.call(null, req, res, () => {
        this.verify(req, false, callback);
      });
    } else {
      this.verify(req, false, callback);
    }
  }

  /**
   * generate a socket id.
   * Overwrite this method to generate your custom socket id
   *
   * @param {Object} request object
   * @api public
   */
  generateId(req) {
    return base64id.generateId();
  }

  /**
   * Handshakes a new client.
   *
   * @param {String} transport name
   * @param {Object} request object
   * @api private",0,CVE-2020-36048,CWE-400,socketio/engine.io,734f9d1268840722c41219e69eb58318e0b2ac6b,javascript
"function onUpgradeError() {
      debug(""websocket error before upgrade"");
      // socket.close() not needed
    }
  }

  /**
   * Captures upgrade requests for a http.Server.
   *
   * @param {http.Server} server
   * @param {Object} options
   * @api public
   */
  attach(server, options) {
    const self = this;
    options = options || {};
    let path = (options.path || ""/engine.io"").replace(/\/$/, """");

    const destroyUpgradeTimeout = options.destroyUpgradeTimeout || 1000;

    // normalize path
    path += ""/"";

    function check(req) {
      return path === req.url.substr(0, path.length);
    }

    // cache and clean up listeners
    const listeners = server.listeners(""request"").slice(0);
    server.removeAllListeners(""request"");
    server.on(""close"", self.close.bind(self));
    server.on(""listening"", self.init.bind(self));

    // add request handler
    server.on(""request"", function(req, res) {
      if (check(req)) {
        debug('intercepting request for path ""%s""', path);
        self.handleRequest(req, res);
      } else {
        let i = 0;",0,CVE-2020-36048,CWE-400,socketio/engine.io,734f9d1268840722c41219e69eb58318e0b2ac6b,javascript
"function check(req) {
      return path === req.url.substr(0, path.length);
    }

    // cache and clean up listeners
    const listeners = server.listeners(""request"").slice(0);
    server.removeAllListeners(""request"");
    server.on(""close"", self.close.bind(self));
    server.on(""listening"", self.init.bind(self));

    // add request handler
    server.on(""request"", function(req, res) {
      if (check(req)) {
        debug('intercepting request for path ""%s""', path);
        self.handleRequest(req, res);
      } else {
        let i = 0;
        const l = listeners.length;
        for (; i < l; i++) {
          listeners[i].call(server, req, res);
        }
      }
    });

    if (~self.opts.transports.indexOf(""websocket"")) {
      server.on(""upgrade"", function(req, socket, head) {
        if (check(req)) {
          self.handleUpgrade(req, socket, head);
        } else if (false !== options.destroyUpgrade) {
          // default node behavior is to disconnect when no handlers
          // but by adding a handler, we prevent that
          // and if no eio thing handles the upgrade
          // then the socket needs to die!
          setTimeout(function() {
            if (socket.writable && socket.bytesWritten <= 0) {
              return socket.end();
            }
          }, destroyUpgradeTimeout);
        }
      });",0,CVE-2020-36048,CWE-400,socketio/engine.io,734f9d1268840722c41219e69eb58318e0b2ac6b,javascript
"validate: function( options ) {

		// If nothing is selected, return nothing; can't chain anyway
		if ( !this.length ) {
			if ( options && options.debug && window.console ) {
				console.warn( ""Nothing selected, can't validate, returning nothing."" );
			}
			return;
		}

		// Check if a validator for this form was already created
		var validator = $.data( this[ 0 ], ""validator"" );
		if ( validator ) {
			return validator;
		}

		// Add novalidate tag if HTML5.
		this.attr( ""novalidate"", ""novalidate"" );

		validator = new $.validator( options, this[ 0 ] );
		$.data( this[ 0 ], ""validator"", validator );

		if ( validator.settings.onsubmit ) {

			this.on( ""click.validate"", "":submit"", function( event ) {

				// Track the used submit button to properly handle scripted
				// submits later.
				validator.submitButton = event.currentTarget;

				// Allow suppressing validation by adding a cancel class to the submit button
				if ( $( this ).hasClass( ""cancel"" ) ) {
					validator.cancelSubmit = true;
				}

				// Allow suppressing validation by adding the html5 formnovalidate attribute to the submit button
				if ( $( this ).attr( ""formnovalidate"" ) !== undefined ) {
					validator.cancelSubmit = true;
				}
			} );",0,CVE-2021-21252,CWE-400,jquery-validation/jquery-validation,5d8f29eef363d043a8fec4eb86d42cadb5fa5f7d,javascript
"function handle() {
					var hidden, result;

					// Insert a hidden input as a replacement for the missing submit button
					// The hidden input is inserted in two cases:
					//   - A user defined a `submitHandler`
					//   - There was a pending request due to `remote` method and `stopRequest()`
					//     was called to submit the form in case it's valid
					if ( validator.submitButton && ( validator.settings.submitHandler || validator.formSubmitted ) ) {
						hidden = $( ""<input type='hidden'/>"" )
							.attr( ""name"", validator.submitButton.name )
							.val( $( validator.submitButton ).val() )
							.appendTo( validator.currentForm );
					}

					if ( validator.settings.submitHandler && !validator.settings.debug ) {
						result = validator.settings.submitHandler.call( validator, validator.currentForm, event );
						if ( hidden ) {

							// And clean up afterwards; thanks to no-block-scope, hidden can be referenced
							hidden.remove();
						}
						if ( result !== undefined ) {
							return result;
						}
						return false;
					}
					return true;
				}

				// Prevent submit for invalid forms or custom submit handlers
				if ( validator.cancelSubmit ) {
					validator.cancelSubmit = false;
					return handle();
				}
				if ( validator.form() ) {
					if ( validator.pendingRequest ) {
						validator.formSubmitted = true;
						return false;
					}",0,CVE-2021-21252,CWE-400,jquery-validation/jquery-validation,5d8f29eef363d043a8fec4eb86d42cadb5fa5f7d,javascript
"valid: function() {
		var valid, validator, errorList;

		if ( $( this[ 0 ] ).is( ""form"" ) ) {
			valid = this.validate().form();
		} else {
			errorList = [];
			valid = true;
			validator = $( this[ 0 ].form ).validate();
			this.each( function() {
				valid = validator.element( this ) && valid;
				if ( !valid ) {
					errorList = errorList.concat( validator.errorList );
				}
			} );
			validator.errorList = errorList;
		}
		return valid;
	},

	// https://jqueryvalidation.org/rules/
	rules: function( command, argument ) {
		var element = this[ 0 ],
			isContentEditable = typeof this.attr( ""contenteditable"" ) !== ""undefined"" && this.attr( ""contenteditable"" ) !== ""false"",
			settings, staticRules, existingRules, data, param, filtered;

		// If nothing is selected, return empty object; can't chain anyway
		if ( element == null ) {
			return;
		}

		if ( !element.form && isContentEditable ) {
			element.form = this.closest( ""form"" )[ 0 ];
			element.name = this.attr( ""name"" );
		}

		if ( element.form == null ) {
			return;
		}
",0,CVE-2021-21252,CWE-400,jquery-validation/jquery-validation,5d8f29eef363d043a8fec4eb86d42cadb5fa5f7d,javascript
"function createCommonjsModule(fn) {
  var module = { exports: {} };
	return fn(module, module.exports), module.exports;
}

var defaults = createCommonjsModule(function (module) {
function getDefaults() {
  return {
    baseUrl: null,
    breaks: false,
    gfm: true,
    headerIds: true,
    headerPrefix: '',
    highlight: null,
    langPrefix: 'language-',
    mangle: true,
    pedantic: false,
    renderer: null,
    sanitize: false,
    sanitizer: null,
    silent: false,
    smartLists: false,
    smartypants: false,
    tokenizer: null,
    walkTokens: null,
    xhtml: false
  };
}

function changeDefaults(newDefaults) {
  module.exports.defaults = newDefaults;
}

module.exports = {
  defaults: getDefaults(),
  getDefaults,
  changeDefaults
};
});
",0,CVE-2021-21306,CWE-400,markedjs/marked,7293251c438e3ee968970f7609f1a27f9007bccd,javascript
"function getDefaults() {
  return {
    baseUrl: null,
    breaks: false,
    gfm: true,
    headerIds: true,
    headerPrefix: '',
    highlight: null,
    langPrefix: 'language-',
    mangle: true,
    pedantic: false,
    renderer: null,
    sanitize: false,
    sanitizer: null,
    silent: false,
    smartLists: false,
    smartypants: false,
    tokenizer: null,
    walkTokens: null,
    xhtml: false
  };
}

function changeDefaults(newDefaults) {
  module.exports.defaults = newDefaults;
}

module.exports = {
  defaults: getDefaults(),
  getDefaults,
  changeDefaults
};
});

/**
 * Helpers
 */
const escapeTest = /[&<>""']/;
const escapeReplace = /[&<>""']/g;
const escapeTestNoEncode = /[<>""']|&(?!#?\w+;)/;",0,CVE-2021-21306,CWE-400,markedjs/marked,7293251c438e3ee968970f7609f1a27f9007bccd,javascript
"function changeDefaults(newDefaults) {
  module.exports.defaults = newDefaults;
}

module.exports = {
  defaults: getDefaults(),
  getDefaults,
  changeDefaults
};
});

/**
 * Helpers
 */
const escapeTest = /[&<>""']/;
const escapeReplace = /[&<>""']/g;
const escapeTestNoEncode = /[<>""']|&(?!#?\w+;)/;
const escapeReplaceNoEncode = /[<>""']|&(?!#?\w+;)/g;
const escapeReplacements = {
  '&': '&amp;',
  '<': '&lt;',
  '>': '&gt;',
  '""': '&quot;',
  ""'"": '&#39;'
};
const getEscapeReplacement = (ch) => escapeReplacements[ch];
function escape(html, encode) {
  if (encode) {
    if (escapeTest.test(html)) {
      return html.replace(escapeReplace, getEscapeReplacement);
    }
  } else {
    if (escapeTestNoEncode.test(html)) {
      return html.replace(escapeReplaceNoEncode, getEscapeReplacement);
    }
  }

  return html;
}
",0,CVE-2021-21306,CWE-400,markedjs/marked,7293251c438e3ee968970f7609f1a27f9007bccd,javascript
"function _defineProperties(target, props) {
    for (var i = 0; i < props.length; i++) {
      var descriptor = props[i];
      descriptor.enumerable = descriptor.enumerable || false;
      descriptor.configurable = true;
      if (""value"" in descriptor) descriptor.writable = true;
      Object.defineProperty(target, descriptor.key, descriptor);
    }
  }

  function _createClass(Constructor, protoProps, staticProps) {
    if (protoProps) _defineProperties(Constructor.prototype, protoProps);
    if (staticProps) _defineProperties(Constructor, staticProps);
    return Constructor;
  }

  function _unsupportedIterableToArray(o, minLen) {
    if (!o) return;
    if (typeof o === ""string"") return _arrayLikeToArray(o, minLen);
    var n = Object.prototype.toString.call(o).slice(8, -1);
    if (n === ""Object"" && o.constructor) n = o.constructor.name;
    if (n === ""Map"" || n === ""Set"") return Array.from(o);
    if (n === ""Arguments"" || /^(?:Ui|I)nt(?:8|16|32)(?:Clamped)?Array$/.test(n)) return _arrayLikeToArray(o, minLen);
  }

  function _arrayLikeToArray(arr, len) {
    if (len == null || len > arr.length) len = arr.length;

    for (var i = 0, arr2 = new Array(len); i < len; i++) arr2[i] = arr[i];

    return arr2;
  }

  function _createForOfIteratorHelperLoose(o, allowArrayLike) {
    var it;

    if (typeof Symbol === ""undefined"" || o[Symbol.iterator] == null) {
      if (Array.isArray(o) || (it = _unsupportedIterableToArray(o)) || allowArrayLike && o && typeof o.length === ""number"") {
        if (it) o = it;
        var i = 0;",0,CVE-2021-21306,CWE-400,markedjs/marked,7293251c438e3ee968970f7609f1a27f9007bccd,javascript
"function _createClass(Constructor, protoProps, staticProps) {
    if (protoProps) _defineProperties(Constructor.prototype, protoProps);
    if (staticProps) _defineProperties(Constructor, staticProps);
    return Constructor;
  }

  function _unsupportedIterableToArray(o, minLen) {
    if (!o) return;
    if (typeof o === ""string"") return _arrayLikeToArray(o, minLen);
    var n = Object.prototype.toString.call(o).slice(8, -1);
    if (n === ""Object"" && o.constructor) n = o.constructor.name;
    if (n === ""Map"" || n === ""Set"") return Array.from(o);
    if (n === ""Arguments"" || /^(?:Ui|I)nt(?:8|16|32)(?:Clamped)?Array$/.test(n)) return _arrayLikeToArray(o, minLen);
  }

  function _arrayLikeToArray(arr, len) {
    if (len == null || len > arr.length) len = arr.length;

    for (var i = 0, arr2 = new Array(len); i < len; i++) arr2[i] = arr[i];

    return arr2;
  }

  function _createForOfIteratorHelperLoose(o, allowArrayLike) {
    var it;

    if (typeof Symbol === ""undefined"" || o[Symbol.iterator] == null) {
      if (Array.isArray(o) || (it = _unsupportedIterableToArray(o)) || allowArrayLike && o && typeof o.length === ""number"") {
        if (it) o = it;
        var i = 0;
        return function () {
          if (i >= o.length) return {
            done: true
          };
          return {
            done: false,
            value: o[i++]
          };
        };
      }",0,CVE-2021-21306,CWE-400,markedjs/marked,7293251c438e3ee968970f7609f1a27f9007bccd,javascript
"function _unsupportedIterableToArray(o, minLen) {
    if (!o) return;
    if (typeof o === ""string"") return _arrayLikeToArray(o, minLen);
    var n = Object.prototype.toString.call(o).slice(8, -1);
    if (n === ""Object"" && o.constructor) n = o.constructor.name;
    if (n === ""Map"" || n === ""Set"") return Array.from(o);
    if (n === ""Arguments"" || /^(?:Ui|I)nt(?:8|16|32)(?:Clamped)?Array$/.test(n)) return _arrayLikeToArray(o, minLen);
  }

  function _arrayLikeToArray(arr, len) {
    if (len == null || len > arr.length) len = arr.length;

    for (var i = 0, arr2 = new Array(len); i < len; i++) arr2[i] = arr[i];

    return arr2;
  }

  function _createForOfIteratorHelperLoose(o, allowArrayLike) {
    var it;

    if (typeof Symbol === ""undefined"" || o[Symbol.iterator] == null) {
      if (Array.isArray(o) || (it = _unsupportedIterableToArray(o)) || allowArrayLike && o && typeof o.length === ""number"") {
        if (it) o = it;
        var i = 0;
        return function () {
          if (i >= o.length) return {
            done: true
          };
          return {
            done: false,
            value: o[i++]
          };
        };
      }

      throw new TypeError(""Invalid attempt to iterate non-iterable instance.\nIn order to be iterable, non-array objects must have a [Symbol.iterator]() method."");
    }

    it = o[Symbol.iterator]();
    return it.next.bind(it);",0,CVE-2021-21306,CWE-400,markedjs/marked,7293251c438e3ee968970f7609f1a27f9007bccd,javascript
"function i(e,t){for(var n=0;n<t.length;n++){var r=t[n];r.enumerable=r.enumerable||!1,r.configurable=!0,""value""in r&&(r.writable=!0),Object.defineProperty(e,r.key,r)}}function s(e,t){(null==t||t>e.length)&&(t=e.length);for(var n=0,r=new Array(t);n<t;n++)r[n]=e[n];return r}function p(e,t){var n;if(""undefined""!=typeof Symbol&&null!=e[Symbol.iterator])return(n=e[Symbol.iterator]()).next.bind(n);if(Array.isArray(e)||(n=function(e,t){if(e){if(""string""==typeof e)return s(e,t);var n=Object.prototype.toString.call(e).slice(8,-1);return""Map""===(n=""Object""===n&&e.constructor?e.constructor.name:n)||""Set""===n?Array.from(e):""Arguments""===n||/^(?:Ui|I)nt(?:8|16|32)(?:Clamped)?Array$/.test(n)?s(e,t):void 0}}(e))||t&&e&&""number""==typeof e.length){n&&(e=n);var r=0;return function(){return r>=e.length?{done:!0}:{done:!1,value:e[r++]}}}throw new TypeError(""Invalid attempt to iterate non-iterable instance.\nIn order to be iterable, non-array objects must have a [Symbol.iterator]() method."")}function n(e){return c[e]}var e,t=(function(t){function e(){return{baseUrl:null,breaks:!1,gfm:!0,headerIds:!0,headerPrefix:"""",highlight:null,langPrefix:""language-"",mangle:!0,pedantic:!1,renderer:null,sanitize:!1,sanitizer:null,silent:!1,smartLists:!1,smartypants:!1,tokenizer:null,walkTokens:null,xhtml:!1}}t.exports={defaults:e(),getDefaults:e,changeDefaults:function(e){t.exports.defaults=e}}}(e={exports:{}}),e.exports),r=/[&<>""']/,l=/[&<>""']/g,a=/[<>""']|&(?!#?\w+;)/,o=/[<>""']|&(?!#?\w+;)/g,c={""&"":""&amp;"",""<"":""&lt;"","">"":""&gt;"",'""':""&quot;"",""'"":""&#39;""};var u=/&(#(?:\d+)|(?:#x[0-9A-Fa-f]+)|(?:\w+));?/gi;function h(e){return e.replace(u,function(e,t){return""colon""===(t=t.toLowerCase())?"":"":""#""===t.charAt(0)?""x""===t.charAt(1)?String.fromCharCode(parseInt(t.substring(2),16)):String.fromCharCode(+t.substring(1)):""""})}var g=/(^|[^\[])\^/g;var f=/[^\w:]/g,d=/^$|^[a-z][a-z0-9+.-]*:|^[?#]/i;var k={},b=/^[^:]+:\/*[^/]*$/,m=/^([^:]+:)[\s\S]*$/,x=/^([^:]+:\/*[^/]*)[\s\S]*$/;function w(e,t){k["" ""+e]||(b.test(e)?k[",0,CVE-2021-21306,CWE-400,markedjs/marked,7293251c438e3ee968970f7609f1a27f9007bccd,javascript
"function s(e,t){(null==t||t>e.length)&&(t=e.length);for(var n=0,r=new Array(t);n<t;n++)r[n]=e[n];return r}function p(e,t){var n;if(""undefined""!=typeof Symbol&&null!=e[Symbol.iterator])return(n=e[Symbol.iterator]()).next.bind(n);if(Array.isArray(e)||(n=function(e,t){if(e){if(""string""==typeof e)return s(e,t);var n=Object.prototype.toString.call(e).slice(8,-1);return""Map""===(n=""Object""===n&&e.constructor?e.constructor.name:n)||""Set""===n?Array.from(e):""Arguments""===n||/^(?:Ui|I)nt(?:8|16|32)(?:Clamped)?Array$/.test(n)?s(e,t):void 0}}(e))||t&&e&&""number""==typeof e.length){n&&(e=n);var r=0;return function(){return r>=e.length?{done:!0}:{done:!1,value:e[r++]}}}throw new TypeError(""Invalid attempt to iterate non-iterable instance.\nIn order to be iterable, non-array objects must have a [Symbol.iterator]() method."")}function n(e){return c[e]}var e,t=(function(t){function e(){return{baseUrl:null,breaks:!1,gfm:!0,headerIds:!0,headerPrefix:"""",highlight:null,langPrefix:""language-"",mangle:!0,pedantic:!1,renderer:null,sanitize:!1,sanitizer:null,silent:!1,smartLists:!1,smartypants:!1,tokenizer:null,walkTokens:null,xhtml:!1}}t.exports={defaults:e(),getDefaults:e,changeDefaults:function(e){t.exports.defaults=e}}}(e={exports:{}}),e.exports),r=/[&<>""']/,l=/[&<>""']/g,a=/[<>""']|&(?!#?\w+;)/,o=/[<>""']|&(?!#?\w+;)/g,c={""&"":""&amp;"",""<"":""&lt;"","">"":""&gt;"",'""':""&quot;"",""'"":""&#39;""};var u=/&(#(?:\d+)|(?:#x[0-9A-Fa-f]+)|(?:\w+));?/gi;function h(e){return e.replace(u,function(e,t){return""colon""===(t=t.toLowerCase())?"":"":""#""===t.charAt(0)?""x""===t.charAt(1)?String.fromCharCode(parseInt(t.substring(2),16)):String.fromCharCode(+t.substring(1)):""""})}var g=/(^|[^\[])\^/g;var f=/[^\w:]/g,d=/^$|^[a-z][a-z0-9+.-]*:|^[?#]/i;var k={},b=/^[^:]+:\/*[^/]*$/,m=/^([^:]+:)[\s\S]*$/,x=/^([^:]+:\/*[^/]*)[\s\S]*$/;function w(e,t){k["" ""+e]||(b.test(e)?k["" ""+e]=e+""/"":k["" ""+e]=v(e,""/"",!0));var n=-1===(e=k["" ""+e]).indexOf("":"");return""//""===t.substring(0,2)?n?t:e.replace(m,""$1"")+t:""/""===t.charAt(0)?n?t:e.replace(x,""$1"")+",0,CVE-2021-21306,CWE-400,markedjs/marked,7293251c438e3ee968970f7609f1a27f9007bccd,javascript
"function p(e,t){var n;if(""undefined""!=typeof Symbol&&null!=e[Symbol.iterator])return(n=e[Symbol.iterator]()).next.bind(n);if(Array.isArray(e)||(n=function(e,t){if(e){if(""string""==typeof e)return s(e,t);var n=Object.prototype.toString.call(e).slice(8,-1);return""Map""===(n=""Object""===n&&e.constructor?e.constructor.name:n)||""Set""===n?Array.from(e):""Arguments""===n||/^(?:Ui|I)nt(?:8|16|32)(?:Clamped)?Array$/.test(n)?s(e,t):void 0}}(e))||t&&e&&""number""==typeof e.length){n&&(e=n);var r=0;return function(){return r>=e.length?{done:!0}:{done:!1,value:e[r++]}}}throw new TypeError(""Invalid attempt to iterate non-iterable instance.\nIn order to be iterable, non-array objects must have a [Symbol.iterator]() method."")}function n(e){return c[e]}var e,t=(function(t){function e(){return{baseUrl:null,breaks:!1,gfm:!0,headerIds:!0,headerPrefix:"""",highlight:null,langPrefix:""language-"",mangle:!0,pedantic:!1,renderer:null,sanitize:!1,sanitizer:null,silent:!1,smartLists:!1,smartypants:!1,tokenizer:null,walkTokens:null,xhtml:!1}}t.exports={defaults:e(),getDefaults:e,changeDefaults:function(e){t.exports.defaults=e}}}(e={exports:{}}),e.exports),r=/[&<>""']/,l=/[&<>""']/g,a=/[<>""']|&(?!#?\w+;)/,o=/[<>""']|&(?!#?\w+;)/g,c={""&"":""&amp;"",""<"":""&lt;"","">"":""&gt;"",'""':""&quot;"",""'"":""&#39;""};var u=/&(#(?:\d+)|(?:#x[0-9A-Fa-f]+)|(?:\w+));?/gi;function h(e){return e.replace(u,function(e,t){return""colon""===(t=t.toLowerCase())?"":"":""#""===t.charAt(0)?""x""===t.charAt(1)?String.fromCharCode(parseInt(t.substring(2),16)):String.fromCharCode(+t.substring(1)):""""})}var g=/(^|[^\[])\^/g;var f=/[^\w:]/g,d=/^$|^[a-z][a-z0-9+.-]*:|^[?#]/i;var k={},b=/^[^:]+:\/*[^/]*$/,m=/^([^:]+:)[\s\S]*$/,x=/^([^:]+:\/*[^/]*)[\s\S]*$/;function w(e,t){k["" ""+e]||(b.test(e)?k["" ""+e]=e+""/"":k["" ""+e]=v(e,""/"",!0));var n=-1===(e=k["" ""+e]).indexOf("":"");return""//""===t.substring(0,2)?n?t:e.replace(m,""$1"")+t:""/""===t.charAt(0)?n?t:e.replace(x,""$1"")+t:e+t}function v(e,t,n){var r=e.length;if(0===r)return"""";for(var i=0;i<r;){var s=e.charAt(r-i-1);if(s!==t|",0,CVE-2021-21306,CWE-400,markedjs/marked,7293251c438e3ee968970f7609f1a27f9007bccd,javascript
"function smartypants(text) {
  return text
    // em-dashes
    .replace(/---/g, '\u2014')
    // en-dashes
    .replace(/--/g, '\u2013')
    // opening singles
    .replace(/(^|[-\u2014/(\[{""\s])'/g, '$1\u2018')
    // closing singles & apostrophes
    .replace(/'/g, '\u2019')
    // opening doubles
    .replace(/(^|[-\u2014/(\[{\u2018\s])""/g, '$1\u201c')
    // closing doubles
    .replace(/""/g, '\u201d')
    // ellipses
    .replace(/\.{3}/g, '\u2026');
}

/**
 * mangle email addresses
 */
function mangle(text) {
  let out = '',
    i,
    ch;

  const l = text.length;
  for (i = 0; i < l; i++) {
    ch = text.charCodeAt(i);
    if (Math.random() > 0.5) {
      ch = 'x' + ch.toString(16);
    }
    out += '&#' + ch + ';';
  }

  return out;
}

/**
 * Block Lexer",0,CVE-2021-21306,CWE-400,markedjs/marked,7293251c438e3ee968970f7609f1a27f9007bccd,javascript
"function mangle(text) {
  let out = '',
    i,
    ch;

  const l = text.length;
  for (i = 0; i < l; i++) {
    ch = text.charCodeAt(i);
    if (Math.random() > 0.5) {
      ch = 'x' + ch.toString(16);
    }
    out += '&#' + ch + ';';
  }

  return out;
}

/**
 * Block Lexer
 */
module.exports = class Lexer {
  constructor(options) {
    this.tokens = [];
    this.tokens.links = Object.create(null);
    this.options = options || defaults;
    this.options.tokenizer = this.options.tokenizer || new Tokenizer();
    this.tokenizer = this.options.tokenizer;
    this.tokenizer.options = this.options;

    const rules = {
      block: block.normal,
      inline: inline.normal
    };

    if (this.options.pedantic) {
      rules.block = block.pedantic;
      rules.inline = inline.pedantic;
    } else if (this.options.gfm) {
      rules.block = block.gfm;
      if (this.options.breaks) {",0,CVE-2021-21306,CWE-400,markedjs/marked,7293251c438e3ee968970f7609f1a27f9007bccd,javascript
"function outputLink(cap, link, raw) {
  const href = link.href;
  const title = link.title ? escape(link.title) : null;
  const text = cap[1].replace(/\\([\[\]])/g, '$1');

  if (cap[0].charAt(0) !== '!') {
    return {
      type: 'link',
      raw,
      href,
      title,
      text
    };
  } else {
    return {
      type: 'image',
      raw,
      href,
      title,
      text: escape(text)
    };
  }
}

function indentCodeCompensation(raw, text) {
  const matchIndentToCode = raw.match(/^(\s+)(?:```)/);

  if (matchIndentToCode === null) {
    return text;
  }

  const indentToCode = matchIndentToCode[1];

  return text
    .split('\n')
    .map(node => {
      const matchIndentInNode = node.match(/^\s+/);
      if (matchIndentInNode === null) {
        return node;
      }",0,CVE-2021-21306,CWE-400,markedjs/marked,7293251c438e3ee968970f7609f1a27f9007bccd,javascript
"function indentCodeCompensation(raw, text) {
  const matchIndentToCode = raw.match(/^(\s+)(?:```)/);

  if (matchIndentToCode === null) {
    return text;
  }

  const indentToCode = matchIndentToCode[1];

  return text
    .split('\n')
    .map(node => {
      const matchIndentInNode = node.match(/^\s+/);
      if (matchIndentInNode === null) {
        return node;
      }

      const [indentInNode] = matchIndentInNode;

      if (indentInNode.length >= indentToCode.length) {
        return node.slice(indentToCode.length);
      }

      return node;
    })
    .join('\n');
}

/**
 * Tokenizer
 */
module.exports = class Tokenizer {
  constructor(options) {
    this.options = options || defaults;
  }

  space(src) {
    const cap = this.rules.block.newline.exec(src);
    if (cap) {
      if (cap[0].length > 1) {",0,CVE-2021-21306,CWE-400,markedjs/marked,7293251c438e3ee968970f7609f1a27f9007bccd,javascript
"function addListeners(server, map) {
  for (const event of Object.keys(map)) server.on(event, map[event]);

  return function removeListeners() {
    for (const event of Object.keys(map)) {
      server.removeListener(event, map[event]);
    }
  };
}

/**
 * Emit a `'close'` event on an `EventEmitter`.
 *
 * @param {EventEmitter} server The event emitter
 * @private
 */
function emitClose(server) {
  server.emit('close');
}

/**
 * Handle premature socket errors.
 *
 * @private
 */
function socketOnError() {
  this.destroy();
}

/**
 * Close the connection when preconditions are not fulfilled.
 *
 * @param {net.Socket} socket The socket of the upgrade request
 * @param {Number} code The HTTP response status code
 * @param {String} [message] The HTTP response body
 * @param {Object} [headers] Additional HTTP response headers
 * @private
 */
function abortHandshake(socket, code, message, headers) {
  if (socket.writable) {",0,CVE-2021-32640,CWE-400,websockets/ws,00c425ec77993773d823f018f64a5c44e17023ff,javascript
"function removeListeners() {
    for (const event of Object.keys(map)) {
      server.removeListener(event, map[event]);
    }
  };
}

/**
 * Emit a `'close'` event on an `EventEmitter`.
 *
 * @param {EventEmitter} server The event emitter
 * @private
 */
function emitClose(server) {
  server.emit('close');
}

/**
 * Handle premature socket errors.
 *
 * @private
 */
function socketOnError() {
  this.destroy();
}

/**
 * Close the connection when preconditions are not fulfilled.
 *
 * @param {net.Socket} socket The socket of the upgrade request
 * @param {Number} code The HTTP response status code
 * @param {String} [message] The HTTP response body
 * @param {Object} [headers] Additional HTTP response headers
 * @private
 */
function abortHandshake(socket, code, message, headers) {
  if (socket.writable) {
    message = message || STATUS_CODES[code];
    headers = {
      Connection: 'close',",0,CVE-2021-32640,CWE-400,websockets/ws,00c425ec77993773d823f018f64a5c44e17023ff,javascript
"function emitClose(server) {
  server.emit('close');
}

/**
 * Handle premature socket errors.
 *
 * @private
 */
function socketOnError() {
  this.destroy();
}

/**
 * Close the connection when preconditions are not fulfilled.
 *
 * @param {net.Socket} socket The socket of the upgrade request
 * @param {Number} code The HTTP response status code
 * @param {String} [message] The HTTP response body
 * @param {Object} [headers] Additional HTTP response headers
 * @private
 */
function abortHandshake(socket, code, message, headers) {
  if (socket.writable) {
    message = message || STATUS_CODES[code];
    headers = {
      Connection: 'close',
      'Content-Type': 'text/html',
      'Content-Length': Buffer.byteLength(message),
      ...headers
    };

    socket.write(
      `HTTP/1.1 ${code} ${STATUS_CODES[code]}\r\n` +
        Object.keys(headers)
          .map((h) => `${h}: ${headers[h]}`)
          .join('\r\n') +
        '\r\n\r\n' +
        message
    );",0,CVE-2021-32640,CWE-400,websockets/ws,00c425ec77993773d823f018f64a5c44e17023ff,javascript
"function parse (jsonString) {
  try {
    return JSON.parse(jsonString)
  } catch (err) {
    // try to throw a more detailed error message using validate
    validate(jsonString)

    // rethrow the original error
    throw err
  }
}

/**
 * Try to fix the JSON string. If not successful, return the original string
 * @param {string} jsonString
 */
export function tryJsonRepair (jsonString) {
  try {
    return jsonrepair(jsonString)
  } catch (err) {
    // repair was not successful, return original text
    return jsonString
  }
}

/**
 * Escape unicode characters.
 * For example input '\u2661' (length 1) will output '\\u2661' (length 5).
 * @param {string} text
 * @return {string}
 */
export function escapeUnicodeChars (
  // see https://www.wikiwand.com/en/UTF-16
  text
) {
  return (
    // note: we leave surrogate pairs as two individual chars,
    // as JSON doesn't interpret them as a single unicode char.
    text.replace(
      /[\u007F-\uFFFF]/g,",0,CVE-2021-3822,CWE-400,josdejong/jsoneditor,092e386cf49f2a1450625617da8e0137ed067c3e,javascript
"function tryJsonRepair (jsonString) {
  try {
    return jsonrepair(jsonString)
  } catch (err) {
    // repair was not successful, return original text
    return jsonString
  }
}

/**
 * Escape unicode characters.
 * For example input '\u2661' (length 1) will output '\\u2661' (length 5).
 * @param {string} text
 * @return {string}
 */
export function escapeUnicodeChars (
  // see https://www.wikiwand.com/en/UTF-16
  text
) {
  return (
    // note: we leave surrogate pairs as two individual chars,
    // as JSON doesn't interpret them as a single unicode char.
    text.replace(
      /[\u007F-\uFFFF]/g,
      c => '\\u' + ('0000' + c.charCodeAt(0).toString(16)).slice(-4)
    )
  )
}

/**
 * Validate a string containing a JSON object
 * This method uses JSONLint to validate the String. If JSONLint is not
 * available, the built-in JSON parser of the browser is used.
 * @param {String} jsonString   String with an (invalid) JSON object
 * @throws Error
 */
export function validate (jsonString) {
  if (typeof (jsonlint) !== 'undefined') {
    jsonlint.parse(jsonString)
  } else {",0,CVE-2021-3822,CWE-400,josdejong/jsoneditor,092e386cf49f2a1450625617da8e0137ed067c3e,javascript
"function escapeUnicodeChars (
  // see https://www.wikiwand.com/en/UTF-16
  text
) {
  return (
    // note: we leave surrogate pairs as two individual chars,
    // as JSON doesn't interpret them as a single unicode char.
    text.replace(
      /[\u007F-\uFFFF]/g,
      c => '\\u' + ('0000' + c.charCodeAt(0).toString(16)).slice(-4)
    )
  )
}

/**
 * Validate a string containing a JSON object
 * This method uses JSONLint to validate the String. If JSONLint is not
 * available, the built-in JSON parser of the browser is used.
 * @param {String} jsonString   String with an (invalid) JSON object
 * @throws Error
 */
export function validate (jsonString) {
  if (typeof (jsonlint) !== 'undefined') {
    jsonlint.parse(jsonString)
  } else {
    JSON.parse(jsonString)
  }
}

/**
 * Extend object a with the properties of object b
 * @param {Object} a
 * @param {Object} b
 * @return {Object} a
 */
export function extend (a, b) {
  for (const prop in b) {
    if (hasOwnProperty(b, prop)) {
      a[prop] = b[prop]
    }",0,CVE-2021-3822,CWE-400,josdejong/jsoneditor,092e386cf49f2a1450625617da8e0137ed067c3e,javascript
"function _adjust_publishing_interval(publishingInterval?: number): number {
    publishingInterval =
        publishingInterval === undefined || Number.isNaN(publishingInterval)
            ? Subscription.defaultPublishingInterval
            : publishingInterval;
    publishingInterval = Math.max(publishingInterval, Subscription.minimumPublishingInterval);
    publishingInterval = Math.min(publishingInterval, Subscription.maximumPublishingInterval);
    return publishingInterval;
}

const minimumMaxKeepAliveCount = 2;
const maximumMaxKeepAliveCount = 12000;

function _adjust_maxKeepAliveCount(maxKeepAliveCount?: number /*,publishingInterval*/): number {
    maxKeepAliveCount = maxKeepAliveCount || minimumMaxKeepAliveCount;
    maxKeepAliveCount = Math.max(maxKeepAliveCount, minimumMaxKeepAliveCount);
    maxKeepAliveCount = Math.min(maxKeepAliveCount, maximumMaxKeepAliveCount);
    return maxKeepAliveCount;
}

function _adjust_lifeTimeCount(lifeTimeCount: number, maxKeepAliveCount: number, publishingInterval: number): number {
    lifeTimeCount = lifeTimeCount || 1;

    // let's make sure that lifeTimeCount is at least three time maxKeepAliveCount
    // Note : the specs say ( part 3  - CreateSubscriptionParameter )
    //        ""The lifetime count shall be a minimum of three times the keep keep-alive count.""
    lifeTimeCount = Math.max(lifeTimeCount, maxKeepAliveCount * 3);

    const minTicks = Math.ceil(Subscription.minimumLifetimeDuration / publishingInterval);
    const maxTicks = Math.floor(Subscription.maximumLifetimeDuration / publishingInterval);

    lifeTimeCount = Math.max(minTicks, lifeTimeCount);
    lifeTimeCount = Math.min(maxTicks, lifeTimeCount);
    return lifeTimeCount;
}

function _adjust_publishingEnable(publishingEnabled?: boolean | null): boolean {
    return publishingEnabled === null || publishingEnabled === undefined ? true : !!publishingEnabled;
}
",0,CVE-2022-24375,CWE-400,node-opcua/node-opcua,3fd46ec156e7718a506be41f3916310b6bdd0407,javascript
"function _adjust_maxKeepAliveCount(maxKeepAliveCount?: number /*,publishingInterval*/): number {
    maxKeepAliveCount = maxKeepAliveCount || minimumMaxKeepAliveCount;
    maxKeepAliveCount = Math.max(maxKeepAliveCount, minimumMaxKeepAliveCount);
    maxKeepAliveCount = Math.min(maxKeepAliveCount, maximumMaxKeepAliveCount);
    return maxKeepAliveCount;
}

function _adjust_lifeTimeCount(lifeTimeCount: number, maxKeepAliveCount: number, publishingInterval: number): number {
    lifeTimeCount = lifeTimeCount || 1;

    // let's make sure that lifeTimeCount is at least three time maxKeepAliveCount
    // Note : the specs say ( part 3  - CreateSubscriptionParameter )
    //        ""The lifetime count shall be a minimum of three times the keep keep-alive count.""
    lifeTimeCount = Math.max(lifeTimeCount, maxKeepAliveCount * 3);

    const minTicks = Math.ceil(Subscription.minimumLifetimeDuration / publishingInterval);
    const maxTicks = Math.floor(Subscription.maximumLifetimeDuration / publishingInterval);

    lifeTimeCount = Math.max(minTicks, lifeTimeCount);
    lifeTimeCount = Math.min(maxTicks, lifeTimeCount);
    return lifeTimeCount;
}

function _adjust_publishingEnable(publishingEnabled?: boolean | null): boolean {
    return publishingEnabled === null || publishingEnabled === undefined ? true : !!publishingEnabled;
}

function _adjust_maxNotificationsPerPublish(maxNotificationsPerPublish?: number): number {
    assert(Subscription.maxNotificationPerPublishHighLimit > 0, ""Subscription.maxNotificationPerPublishHighLimit must be positive"");

    maxNotificationsPerPublish = maxNotificationsPerPublish || 0;
    assert(typeof maxNotificationsPerPublish === ""number"");

    // must be strictly positive
    maxNotificationsPerPublish = maxNotificationsPerPublish >= 0 ? maxNotificationsPerPublish : 0;

    if (maxNotificationsPerPublish === 0) {
        // if zero then => use our HighLimit
        maxNotificationsPerPublish = Subscription.maxNotificationPerPublishHigh",0,CVE-2022-24375,CWE-400,node-opcua/node-opcua,3fd46ec156e7718a506be41f3916310b6bdd0407,javascript
"function _adjust_lifeTimeCount(lifeTimeCount: number, maxKeepAliveCount: number, publishingInterval: number): number {
    lifeTimeCount = lifeTimeCount || 1;

    // let's make sure that lifeTimeCount is at least three time maxKeepAliveCount
    // Note : the specs say ( part 3  - CreateSubscriptionParameter )
    //        ""The lifetime count shall be a minimum of three times the keep keep-alive count.""
    lifeTimeCount = Math.max(lifeTimeCount, maxKeepAliveCount * 3);

    const minTicks = Math.ceil(Subscription.minimumLifetimeDuration / publishingInterval);
    const maxTicks = Math.floor(Subscription.maximumLifetimeDuration / publishingInterval);

    lifeTimeCount = Math.max(minTicks, lifeTimeCount);
    lifeTimeCount = Math.min(maxTicks, lifeTimeCount);
    return lifeTimeCount;
}

function _adjust_publishingEnable(publishingEnabled?: boolean | null): boolean {
    return publishingEnabled === null || publishingEnabled === undefined ? true : !!publishingEnabled;
}

function _adjust_maxNotificationsPerPublish(maxNotificationsPerPublish?: number): number {
    assert(Subscription.maxNotificationPerPublishHighLimit > 0, ""Subscription.maxNotificationPerPublishHighLimit must be positive"");

    maxNotificationsPerPublish = maxNotificationsPerPublish || 0;
    assert(typeof maxNotificationsPerPublish === ""number"");

    // must be strictly positive
    maxNotificationsPerPublish = maxNotificationsPerPublish >= 0 ? maxNotificationsPerPublish : 0;

    if (maxNotificationsPerPublish === 0) {
        // if zero then => use our HighLimit
        maxNotificationsPerPublish = Subscription.maxNotificationPerPublishHighLimit;
    } else {
        // if not zero then should be capped by maxNotificationPerPublishHighLimit
        maxNotificationsPerPublish = Math.min(Subscription.maxNotificationPerPublishHighLimit, maxNotificationsPerPublish);
    }

    assert(maxNotificationsPerPublish !== 0 && maxNotificationsPerPublish <= Subscription.maxNotificationPerPublishHighLimit)",0,CVE-2022-24375,CWE-400,node-opcua/node-opcua,3fd46ec156e7718a506be41f3916310b6bdd0407,javascript
"function reconstruct_fake_publish_engine() {
    fake_publish_engine = getFakePublishEngine();
}

// eslint-disable-next-line import/order
const describe = require(""node-opcua-leak-detector"").describeWithLeakDetector;
describe(""Subscriptions"", function () {
    // eslint-disable-next-line @typescript-eslint/no-this-alias
    const test = this;
    beforeEach(function () {
        test.clock = sinon.useFakeTimers();
        reconstruct_fake_publish_engine();
    });

    afterEach(function () {
        test.clock.restore();
    });

    it(""T1 - a subscription will make sure that lifeTimeCount is at least 3 times maxKeepAliveCount"", function () {
        {
            const subscription1 = new Subscription({
                publishingInterval: 1000,
                maxKeepAliveCount: 20,
                lifeTimeCount: 60, // at least 3 times maxKeepAliveCount
                //
                publishEngine: fake_publish_engine,
                globalCounter: { totalMonitoredItemCount: 0 },
                serverCapabilities: { maxMonitoredItems: 10000, maxMonitoredItemsPerSubscription: 1000 }
            });
            subscription1.maxKeepAliveCount.should.eql(20);
            subscription1.lifeTimeCount.should.eql(
                60,
                ""lifeTimeCount shall be unchanged because it is at least 3 times maxKeepAliveCount""
            );

            subscription1.terminate();
            subscription1.dispose();
        }
        {
            const subscription2 = new Subscription({",0,CVE-2022-24375,CWE-400,node-opcua/node-opcua,3fd46ec156e7718a506be41f3916310b6bdd0407,javascript
"function add_mock_monitored_item2(subscription, someVariableNode) {
            const monitoredItemCreateRequest = new MonitoredItemCreateRequest({
                itemToMonitor: { nodeId: someVariableNode },
                monitoringMode: MonitoringMode.Reporting,
                requestedParameters: {
                    clientHandle: 123,
                    queueSize: 10,
                    samplingInterval: 200
                }
            });
            const createResult = subscription.createMonitoredItem(
                addressSpace,
                TimestampsToReturn.Both,
                monitoredItemCreateRequest
            );
            const monitoredItem = subscription.getMonitoredItem(createResult.monitoredItemId);

            return monitoredItem;
        }

        before(function (done) {
            engine = new ServerEngine();
            engine.initialize({ nodeset_filename: mini_nodeset_filename }, function () {
                addressSpace = engine.addressSpace;
                namespace = addressSpace.getOwnNamespace();

                const node = namespace.addVariable({
                    componentOf: ""RootFolder"",
                    browseName: ""SomeVariable"",
                    dataType: ""UInt32"",
                    value: { dataType: DataType.UInt32, value: 0 }
                });
                someVariableNode = node.nodeId;
                done();
            });
        });
        after(async () => {
            await engine.shutdown();
            engine = null;
        });",0,CVE-2022-24375,CWE-400,node-opcua/node-opcua,3fd46ec156e7718a506be41f3916310b6bdd0407,javascript
"function simulate_client_adding_publish_request(publishEngine, callback) {
            const publishRequest = new PublishRequest({});
            publishEngine._on_PublishRequest(publishRequest, callback);
            test.clock.tick(0);
        }

        let subscription;
        let notification_event_spy, keepalive_event_spy, expire_event_spy;

        beforeEach(function () {
            publish_engine = new ServerSidePublishEngine();
            subscription = new Subscription({
                id: 1000,
                publishingInterval: 100,
                maxKeepAliveCount: 10,
                lifeTimeCount: 30,
                publishingEnabled: true,
                publishEngine: publish_engine,
                globalCounter: { totalMonitoredItemCount: 0 },
                serverCapabilities: { maxMonitoredItems: 10000, maxMonitoredItemsPerSubscription: 1000 }
            });
            publish_engine.add_subscription(subscription);

            notification_event_spy = sinon.spy();
            keepalive_event_spy = sinon.spy();
            expire_event_spy = sinon.spy();
            subscription.on(""notification"", notification_event_spy);
            subscription.on(""keepalive"", keepalive_event_spy);
            subscription.on(""expired"", expire_event_spy);

            subscription.on(""monitoredItem"", function (monitoredItem) {
                monitoredItem.samplingFunc = function () {
                    /**  */
                };
            });
        });

        afterEach(function (done) {
            subscription.on(""terminated"", function () {
                done();",0,CVE-2022-24375,CWE-400,node-opcua/node-opcua,3fd46ec156e7718a506be41f3916310b6bdd0407,javascript
